candidate_key,required_modules,object_type,local_expression,local_operation,source_primitives,within_reducer,across_reducer,unit,outer_transform,numeric_family_id,is_family_representative,feature_id,grid_dependent,max_grid_spread_pct_of_full_range,grid_stable
sn_i_bond|d|within=mean|across=site_cv,A,sn_i_bond,d,identity,d,mean,site_cv,1,identity,aa553a4864c2,True,f001642,True,0,True
sn_i_bond|d|within=sd|across=site_cv,A,sn_i_bond,d,identity,d,sd,site_cv,1,identity,593d97df1aa2,True,f001647,True,0,True
sn_i_bond|d|within=cv|across=mean,A,sn_i_bond,d,identity,d,cv,mean,1,identity,4336026cdc5c,True,f001648,True,0,True
sn_i_bond|d|within=cv|across=median,A,sn_i_bond,d,identity,d,cv,median,1,identity,8ce1f707fa4a,True,f001649,True,0,True
sn_i_bond|d|within=cv|across=max,A,sn_i_bond,d,identity,d,cv,max,1,identity,9f8003a8699a,True,f001650,True,0,True
sn_i_bond|d|within=cv|across=range,A,sn_i_bond,d,identity,d,cv,range,1,identity,3dd7ec95f40c,True,f001651,True,0,True
sn_i_bond|d|within=cv|across=site_cv,A,sn_i_bond,d,identity,d,cv,site_cv,1,identity,746eced0d4cc,True,f001652,True,0,True
sn_i_bond|d|within=normalized_range|across=mean,A,sn_i_bond,d,identity,d,normalized_range,mean,1,identity,a6e3733b9bce,True,f001653,True,0,True
sn_i_bond|d|within=normalized_range|across=median,A,sn_i_bond,d,identity,d,normalized_range,median,1,identity,823cda0c0bfb,True,f001654,True,0,True
sn_i_bond|d|within=normalized_range|across=max,A,sn_i_bond,d,identity,d,normalized_range,max,1,identity,85c3780bf030,True,f001655,True,0,True
sn_i_bond|d|within=normalized_range|across=range,A,sn_i_bond,d,identity,d,normalized_range,range,1,identity,f6467b3f7540,True,f001656,True,0,True
sn_i_bond|d|within=normalized_range|across=site_cv,A,sn_i_bond,d,identity,d,normalized_range,site_cv,1,identity,68bf308ebd93,True,f001657,True,0,True
sn_i_bond|d|within=mad|across=site_cv,A,sn_i_bond,d,identity,d,mad,site_cv,1,identity,588d5faf77a8,True,f001662,True,0,True
sn_i_bond|d|within=iqr|across=site_cv,A,sn_i_bond,d,identity,d,iqr,site_cv,1,identity,225ae25398bc,True,f001667,True,0,True
sn_i_bond|d|within=min|across=site_cv,A,sn_i_bond,d,identity,d,min,site_cv,1,identity,a32a9a4d067b,True,f001672,True,0,True
sn_i_bond|d|within=max|across=site_cv,A,sn_i_bond,d,identity,d,max,site_cv,1,identity,b8d970504e57,True,f001677,True,0,True
sn_i_bond|d|within=top2_deviation|across=site_cv,A,sn_i_bond,d,identity,d,top2_deviation,site_cv,1,identity,a3d01f7b67bc,True,f001682,True,0,True
sn_i_bond|inv(d)|within=mean|across=site_cv,A,sn_i_bond,inv(d),inv,d,mean,site_cv,1,identity,36b261c8ce05,True,f001687,True,0,True
sn_i_bond|inv(d)|within=sd|across=site_cv,A,sn_i_bond,inv(d),inv,d,sd,site_cv,1,identity,ad1ba2a6bcd5,True,f001692,True,0,True
sn_i_bond|inv(d)|within=cv|across=mean,A,sn_i_bond,inv(d),inv,d,cv,mean,1,identity,5b4520ff2b1d,True,f001693,True,0,True
sn_i_bond|inv(d)|within=cv|across=median,A,sn_i_bond,inv(d),inv,d,cv,median,1,identity,1ec464804983,True,f001694,True,0,True
sn_i_bond|inv(d)|within=cv|across=max,A,sn_i_bond,inv(d),inv,d,cv,max,1,identity,41ddd55e63fc,True,f001695,True,0,True
sn_i_bond|inv(d)|within=cv|across=range,A,sn_i_bond,inv(d),inv,d,cv,range,1,identity,f99df236a9b9,True,f001696,True,0,True
sn_i_bond|inv(d)|within=cv|across=site_cv,A,sn_i_bond,inv(d),inv,d,cv,site_cv,1,identity,e17960132c2a,True,f001697,True,0,True
sn_i_bond|inv(d)|within=normalized_range|across=mean,A,sn_i_bond,inv(d),inv,d,normalized_range,mean,1,identity,062c55e44ee3,True,f001698,True,0,True
sn_i_bond|inv(d)|within=normalized_range|across=median,A,sn_i_bond,inv(d),inv,d,normalized_range,median,1,identity,9813a1be4e39,True,f001699,True,0,True
sn_i_bond|inv(d)|within=normalized_range|across=max,A,sn_i_bond,inv(d),inv,d,normalized_range,max,1,identity,589e78134a65,True,f001700,True,0,True
sn_i_bond|inv(d)|within=normalized_range|across=range,A,sn_i_bond,inv(d),inv,d,normalized_range,range,1,identity,3e3a4504328b,True,f001701,True,0,True
sn_i_bond|inv(d)|within=normalized_range|across=site_cv,A,sn_i_bond,inv(d),inv,d,normalized_range,site_cv,1,identity,6d0c0ccb1b94,True,f001702,True,0,True
sn_i_bond|inv(d)|within=mad|across=site_cv,A,sn_i_bond,inv(d),inv,d,mad,site_cv,1,identity,9388bdea9caa,True,f001707,True,0,True
sn_i_bond|inv(d)|within=iqr|across=site_cv,A,sn_i_bond,inv(d),inv,d,iqr,site_cv,1,identity,19f26c54f9b4,True,f001712,True,0,True
sn_i_bond|inv(d)|within=min|across=site_cv,A,sn_i_bond,inv(d),inv,d,min,site_cv,1,identity,5bf247ce647f,True,f001717,True,0,True
sn_i_bond|inv(d)|within=max|across=site_cv,A,sn_i_bond,inv(d),inv,d,max,site_cv,1,identity,6d3c2940230b,True,f001722,True,0,True
sn_i_bond|inv(d)|within=top2_deviation|across=site_cv,A,sn_i_bond,inv(d),inv,d,top2_deviation,site_cv,1,identity,dbbf557bf1d7,True,f001727,True,0,True
sn_i_bond|sq(d)|within=mean|across=site_cv,A,sn_i_bond,sq(d),sq,d,mean,site_cv,1,identity,b16e8932a867,True,f001732,True,0,True
sn_i_bond|sq(d)|within=sd|across=site_cv,A,sn_i_bond,sq(d),sq,d,sd,site_cv,1,identity,e3a0585f97a3,True,f001737,True,0,True
sn_i_bond|sq(d)|within=cv|across=mean,A,sn_i_bond,sq(d),sq,d,cv,mean,1,identity,fd787f311024,True,f001738,True,0,True
sn_i_bond|sq(d)|within=cv|across=median,A,sn_i_bond,sq(d),sq,d,cv,median,1,identity,2a5c0468f29c,True,f001739,True,0,True
sn_i_bond|sq(d)|within=cv|across=max,A,sn_i_bond,sq(d),sq,d,cv,max,1,identity,7fcaa706dd54,True,f001740,True,0,True
sn_i_bond|sq(d)|within=cv|across=range,A,sn_i_bond,sq(d),sq,d,cv,range,1,identity,ef594327faac,True,f001741,True,0,True
sn_i_bond|sq(d)|within=cv|across=site_cv,A,sn_i_bond,sq(d),sq,d,cv,site_cv,1,identity,09ee1200def9,True,f001742,True,0,True
sn_i_bond|sq(d)|within=normalized_range|across=mean,A,sn_i_bond,sq(d),sq,d,normalized_range,mean,1,identity,180ab93e4389,True,f001743,True,0,True
sn_i_bond|sq(d)|within=normalized_range|across=median,A,sn_i_bond,sq(d),sq,d,normalized_range,median,1,identity,47bb60d7bd41,True,f001744,True,0,True
sn_i_bond|sq(d)|within=normalized_range|across=max,A,sn_i_bond,sq(d),sq,d,normalized_range,max,1,identity,e5b58cac4254,True,f001745,True,0,True
sn_i_bond|sq(d)|within=normalized_range|across=range,A,sn_i_bond,sq(d),sq,d,normalized_range,range,1,identity,94b00b741c5e,True,f001746,True,0,True
sn_i_bond|sq(d)|within=normalized_range|across=site_cv,A,sn_i_bond,sq(d),sq,d,normalized_range,site_cv,1,identity,a7692206fcb5,True,f001747,True,0,True
sn_i_bond|sq(d)|within=mad|across=site_cv,A,sn_i_bond,sq(d),sq,d,mad,site_cv,1,identity,8b3650d0fcae,True,f001752,True,0,True
sn_i_bond|sq(d)|within=iqr|across=site_cv,A,sn_i_bond,sq(d),sq,d,iqr,site_cv,1,identity,9fd658302a9f,True,f001757,True,0,True
sn_i_bond|sq(d)|within=min|across=site_cv,A,sn_i_bond,sq(d),sq,d,min,site_cv,1,identity,fb7a17856035,True,f001762,True,0,True
sn_i_bond|sq(d)|within=max|across=site_cv,A,sn_i_bond,sq(d),sq,d,max,site_cv,1,identity,c90655fd5f55,True,f001767,True,0,True
sn_i_bond|sq(d)|within=top2_deviation|across=site_cv,A,sn_i_bond,sq(d),sq,d,top2_deviation,site_cv,1,identity,02f7023e90bf,True,f001772,True,0,True
sn_i_bond|sqrt(d)|within=mean|across=site_cv,A,sn_i_bond,sqrt(d),sqrt,d,mean,site_cv,1,identity,aed8b3875952,True,f001777,True,0,True
sn_i_bond|sqrt(d)|within=sd|across=site_cv,A,sn_i_bond,sqrt(d),sqrt,d,sd,site_cv,1,identity,fb35b2f5ec7b,True,f001782,True,0,True
sn_i_bond|sqrt(d)|within=cv|across=mean,A,sn_i_bond,sqrt(d),sqrt,d,cv,mean,1,identity,d14d2197b02d,True,f001783,True,0,True
sn_i_bond|sqrt(d)|within=cv|across=median,A,sn_i_bond,sqrt(d),sqrt,d,cv,median,1,identity,7356a9ac6b94,True,f001784,True,0,True
sn_i_bond|sqrt(d)|within=cv|across=max,A,sn_i_bond,sqrt(d),sqrt,d,cv,max,1,identity,f38eb61f721b,True,f001785,True,0,True
sn_i_bond|sqrt(d)|within=cv|across=range,A,sn_i_bond,sqrt(d),sqrt,d,cv,range,1,identity,cf8a53151af4,True,f001786,True,0,True
sn_i_bond|sqrt(d)|within=cv|across=site_cv,A,sn_i_bond,sqrt(d),sqrt,d,cv,site_cv,1,identity,e80604a5007e,True,f001787,True,0,True
sn_i_bond|sqrt(d)|within=normalized_range|across=mean,A,sn_i_bond,sqrt(d),sqrt,d,normalized_range,mean,1,identity,07865663c140,True,f001788,True,0,True
sn_i_bond|sqrt(d)|within=normalized_range|across=median,A,sn_i_bond,sqrt(d),sqrt,d,normalized_range,median,1,identity,ac5db13a388a,True,f001789,True,0,True
sn_i_bond|sqrt(d)|within=normalized_range|across=max,A,sn_i_bond,sqrt(d),sqrt,d,normalized_range,max,1,identity,98a913250598,True,f001790,True,0,True
sn_i_bond|sqrt(d)|within=normalized_range|across=range,A,sn_i_bond,sqrt(d),sqrt,d,normalized_range,range,1,identity,09c39012ef03,True,f001791,True,0,True
sn_i_bond|sqrt(d)|within=normalized_range|across=site_cv,A,sn_i_bond,sqrt(d),sqrt,d,normalized_range,site_cv,1,identity,2e9fd43b6af9,True,f001792,True,0,True
sn_i_bond|sqrt(d)|within=mad|across=site_cv,A,sn_i_bond,sqrt(d),sqrt,d,mad,site_cv,1,identity,60438e41c266,True,f001797,True,0,True
sn_i_bond|sqrt(d)|within=iqr|across=site_cv,A,sn_i_bond,sqrt(d),sqrt,d,iqr,site_cv,1,identity,2b4ea3a11b8a,True,f001802,True,0,True
sn_i_bond|sqrt(d)|within=min|across=site_cv,A,sn_i_bond,sqrt(d),sqrt,d,min,site_cv,1,identity,038c04bd1fc0,True,f001807,True,0,True
sn_i_bond|sqrt(d)|within=max|across=site_cv,A,sn_i_bond,sqrt(d),sqrt,d,max,site_cv,1,identity,8e2eef2cd61f,True,f001812,True,0,True
sn_i_bond|sqrt(d)|within=top2_deviation|across=site_cv,A,sn_i_bond,sqrt(d),sqrt,d,top2_deviation,site_cv,1,identity,df26d1877d25,True,f001817,True,0,True
sn_i_bond|h|within=sd|across=mean,A,sn_i_bond,h,identity,h,sd,mean,1,identity,5a753aced20e,True,f002003,True,0.851417322546128,True
sn_i_bond|h|within=sd|across=median,A,sn_i_bond,h,identity,h,sd,median,1,identity,1c7cdc573fc7,True,f002004,True,0.851399360817692,True
sn_i_bond|h|within=sd|across=max,A,sn_i_bond,h,identity,h,sd,max,1,identity,b00e3686c1b5,True,f002005,True,1.67562447006002,True
sn_i_bond|h|within=sd|across=range,A,sn_i_bond,h,identity,h,sd,range,1,identity,abce28128628,True,f002006,True,4.63617203780265,True
sn_i_bond|h|within=sd|across=site_cv,A,sn_i_bond,h,identity,h,sd,site_cv,1,identity,f98b456fe871,True,f002007,True,2.05248863184622,True
sn_i_bond|h|within=cv|across=mean,A,sn_i_bond,h,identity,h,cv,mean,1,identity,97c1609e6d77,True,f002008,True,0.930726527073969,True
sn_i_bond|h|within=cv|across=median,A,sn_i_bond,h,identity,h,cv,median,1,identity,0a97b15169e5,True,f002009,True,0.930707925543674,True
sn_i_bond|h|within=cv|across=max,A,sn_i_bond,h,identity,h,cv,max,1,identity,913aa9895efd,True,f002010,True,1.83900482676103,True
sn_i_bond|h|within=cv|across=range,A,sn_i_bond,h,identity,h,cv,range,1,identity,56dd9c70be4b,True,f002011,True,4.78515710171936,True
sn_i_bond|h|within=cv|across=site_cv,A,sn_i_bond,h,identity,h,cv,site_cv,1,identity,9fee38319daa,True,f002012,True,2.09007379583157,True
sn_i_bond|h|within=normalized_range|across=mean,A,sn_i_bond,h,identity,h,normalized_range,mean,1,identity,c2994dab7bff,True,f002013,True,2.29151912337742,True
sn_i_bond|h|within=normalized_range|across=median,A,sn_i_bond,h,identity,h,normalized_range,median,1,identity,657e9dbe70a3,True,f002014,True,2.29121931906353,True
sn_i_bond|h|within=normalized_range|across=max,A,sn_i_bond,h,identity,h,normalized_range,max,1,identity,77b67db9d4ab,True,f002015,True,2.06874779963244,True
sn_i_bond|h|within=normalized_range|across=range,A,sn_i_bond,h,identity,h,normalized_range,range,1,identity,8b339403581e,True,f002016,True,3.02520276323994,True
sn_i_bond|h|within=normalized_range|across=site_cv,A,sn_i_bond,h,identity,h,normalized_range,site_cv,1,identity,6c7b32772d84,True,f002017,True,1.51833690029455,True
sn_i_bond|h|within=mad|across=mean,A,sn_i_bond,h,identity,h,mad,mean,1,identity,81a301427e03,True,f002018,True,3.71849776750541,True
sn_i_bond|h|within=mad|across=median,A,sn_i_bond,h,identity,h,mad,median,1,identity,0a63a17a2c2a,True,f002019,True,3.72067444074499,True
sn_i_bond|h|within=mad|across=max,A,sn_i_bond,h,identity,h,mad,max,1,identity,1f2e1815c21d,True,f002020,True,2.16226811130965,True
sn_i_bond|h|within=iqr|across=mean,A,sn_i_bond,h,identity,h,iqr,mean,1,identity,23d9c4e8ebbc,True,f002023,True,2.74747448086143,True
sn_i_bond|h|within=iqr|across=median,A,sn_i_bond,h,identity,h,iqr,median,1,identity,c357f6d011cd,True,f002024,True,2.7477834348167,True
sn_i_bond|h|within=iqr|across=max,A,sn_i_bond,h,identity,h,iqr,max,1,identity,57ac04b90655,True,f002025,True,2.48788575893633,True
sn_i_bond|h|within=iqr|across=site_cv,A,sn_i_bond,h,identity,h,iqr,site_cv,1,identity,9672d4479426,True,f002027,True,3.47561996374404,True
sn_i_bond|h|within=max|across=mean,A,sn_i_bond,h,identity,h,max,mean,1,identity,97c5dd9c28bf,True,f002033,True,0.7389575830896,True
sn_i_bond|h|within=max|across=median,A,sn_i_bond,h,identity,h,max,median,1,identity,5cce0e11b0fb,True,f002034,True,0.736127049785671,True
sn_i_bond|h|within=max|across=max,A,sn_i_bond,h,identity,h,max,max,1,identity,8b40b0b641e7,True,f002035,True,0.91412764515959,True
sn_i_bond|h|within=max|across=range,A,sn_i_bond,h,identity,h,max,range,1,identity,ec82b4c114ec,True,f002036,True,3.51155818156657,True
sn_i_bond|h|within=max|across=site_cv,A,sn_i_bond,h,identity,h,max,site_cv,1,identity,68617757a27b,True,f002037,True,3.55718076885637,True
sn_i_bond|h|within=top2_deviation|across=mean,A,sn_i_bond,h,identity,h,top2_deviation,mean,1,identity,63a193bcf773,True,f002038,True,2.24439254068687,True
sn_i_bond|h|within=top2_deviation|across=median,A,sn_i_bond,h,identity,h,top2_deviation,median,1,identity,0023db2a57d6,True,f002039,True,2.24410102228188,True
sn_i_bond|h|within=top2_deviation|across=max,A,sn_i_bond,h,identity,h,top2_deviation,max,1,identity,f15876f5681f,True,f002040,True,2.02666080997803,True
sn_i_bond|h|within=top2_deviation|across=range,A,sn_i_bond,h,identity,h,top2_deviation,range,1,identity,655e9f17c610,True,f002041,True,1.7975295771295,True
sn_i_bond|h|within=top2_deviation|across=site_cv,A,sn_i_bond,h,identity,h,top2_deviation,site_cv,1,identity,7424abc182f7,True,f002042,True,0.806647574966828,True
sn_i_bond|inv(h)|within=sd|across=mean,A,sn_i_bond,inv(h),inv,h,sd,mean,1,identity,1f05815fba01,True,f002048,True,1.11832601189564,True
sn_i_bond|inv(h)|within=sd|across=median,A,sn_i_bond,inv(h),inv,h,sd,median,1,identity,f5870b8e27aa,True,f002049,True,1.11834941226117,True
sn_i_bond|inv(h)|within=sd|across=max,A,sn_i_bond,inv(h),inv,h,sd,max,1,identity,2c069ae295fb,True,f002050,True,1.72216870416408,True
sn_i_bond|inv(h)|within=sd|across=range,A,sn_i_bond,inv(h),inv,h,sd,range,1,identity,3a014b64a24b,True,f002051,True,4.9104335925823,True
sn_i_bond|inv(h)|within=sd|across=site_cv,A,sn_i_bond,inv(h),inv,h,sd,site_cv,1,identity,95287092446b,True,f002052,True,2.13236087918394,True
sn_i_bond|inv(h)|within=cv|across=mean,A,sn_i_bond,inv(h),inv,h,cv,mean,1,identity,616fca927b8f,True,f002053,True,1.03713021194363,True
sn_i_bond|inv(h)|within=cv|across=median,A,sn_i_bond,inv(h),inv,h,cv,median,1,identity,c3b72b132307,True,f002054,True,1.03715296986345,True
sn_i_bond|inv(h)|within=cv|across=max,A,sn_i_bond,inv(h),inv,h,cv,max,1,identity,50835c597103,True,f002055,True,1.54955086424551,True
sn_i_bond|inv(h)|within=cv|across=range,A,sn_i_bond,inv(h),inv,h,cv,range,1,identity,11259b8cd88d,True,f002056,True,4.72991659735789,True
sn_i_bond|inv(h)|within=cv|across=site_cv,A,sn_i_bond,inv(h),inv,h,cv,site_cv,1,identity,ab82e03dcbab,True,f002057,True,2.08532436597957,True
sn_i_bond|inv(h)|within=normalized_range|across=mean,A,sn_i_bond,inv(h),inv,h,normalized_range,mean,1,identity,6acaceccb870,True,f002058,True,2.46968418304245,True
sn_i_bond|inv(h)|within=normalized_range|across=median,A,sn_i_bond,inv(h),inv,h,normalized_range,median,1,identity,a0cc6d5e4626,True,f002059,True,2.46935731854356,True
sn_i_bond|inv(h)|within=normalized_range|across=max,A,sn_i_bond,inv(h),inv,h,normalized_range,max,1,identity,ec74e37fa923,True,f002060,True,2.24630008600262,True
sn_i_bond|inv(h)|within=normalized_range|across=range,A,sn_i_bond,inv(h),inv,h,normalized_range,range,1,identity,bbde507acfd5,True,f002061,True,2.72135243750099,True
sn_i_bond|inv(h)|within=normalized_range|across=site_cv,A,sn_i_bond,inv(h),inv,h,normalized_range,site_cv,1,identity,40cc74932f0e,True,f002062,True,1.41117840806642,True
sn_i_bond|inv(h)|within=mad|across=mean,A,sn_i_bond,inv(h),inv,h,mad,mean,1,identity,1e7c01c067e7,True,f002063,True,2.79755112827512,True
sn_i_bond|inv(h)|within=mad|across=median,A,sn_i_bond,inv(h),inv,h,mad,median,1,identity,46bc947a5400,True,f002064,True,2.80032186020121,True
sn_i_bond|inv(h)|within=mad|across=max,A,sn_i_bond,inv(h),inv,h,mad,max,1,identity,9d0ab3b1ac4d,True,f002065,True,2.30433391896157,True
sn_i_bond|inv(h)|within=iqr|across=mean,A,sn_i_bond,inv(h),inv,h,iqr,mean,1,identity,aaef17b6e0e7,True,f002068,True,2.69817771334216,True
sn_i_bond|inv(h)|within=iqr|across=median,A,sn_i_bond,inv(h),inv,h,iqr,median,1,identity,0e320c427abd,True,f002069,True,2.69790539237382,True
sn_i_bond|inv(h)|within=iqr|across=max,A,sn_i_bond,inv(h),inv,h,iqr,max,1,identity,4aea244a23db,True,f002070,True,2.41131345941323,True
sn_i_bond|inv(h)|within=iqr|across=site_cv,A,sn_i_bond,inv(h),inv,h,iqr,site_cv,1,identity,9674a5840267,True,f002072,True,3.47035344471125,True
sn_i_bond|inv(h)|within=min|across=mean,A,sn_i_bond,inv(h),inv,h,min,mean,1,identity,4bc34bcf590d,True,f002073,True,0.724362440387948,True
sn_i_bond|inv(h)|within=min|across=median,A,sn_i_bond,inv(h),inv,h,min,median,1,identity,06e3cd78e477,True,f002074,True,0.723724781824258,True
sn_i_bond|inv(h)|within=min|across=max,A,sn_i_bond,inv(h),inv,h,min,max,1,identity,0e92f82b1287,True,f002075,True,2.28742619280346,True
sn_i_bond|inv(h)|within=min|across=range,A,sn_i_bond,inv(h),inv,h,min,range,1,identity,b01f611d968f,True,f002076,True,3.35975665525131,True
sn_i_bond|inv(h)|within=min|across=site_cv,A,sn_i_bond,inv(h),inv,h,min,site_cv,1,identity,0c9408a061d8,True,f002077,True,3.55746377246927,True
sn_i_bond|inv(h)|within=max|across=max,A,sn_i_bond,inv(h),inv,h,max,max,1,identity,2cf7c37a65d7,True,f002080,True,4.91001074423203,True
sn_i_bond|inv(h)|within=top2_deviation|across=mean,A,sn_i_bond,inv(h),inv,h,top2_deviation,mean,1,identity,44b1143961d5,True,f002083,True,2.51731567877279,True
sn_i_bond|inv(h)|within=top2_deviation|across=median,A,sn_i_bond,inv(h),inv,h,top2_deviation,median,1,identity,f39506a5a7e9,True,f002084,True,2.51698011315583,True
sn_i_bond|inv(h)|within=top2_deviation|across=max,A,sn_i_bond,inv(h),inv,h,top2_deviation,max,1,identity,6eb1500fea31,True,f002085,True,2.28893154988746,True
sn_i_bond|inv(h)|within=top2_deviation|across=range,A,sn_i_bond,inv(h),inv,h,top2_deviation,range,1,identity,aedadf7637fc,True,f002086,True,1.96032594521799,True
sn_i_bond|inv(h)|within=top2_deviation|across=site_cv,A,sn_i_bond,inv(h),inv,h,top2_deviation,site_cv,1,identity,d78234598e74,True,f002087,True,1.09347908337219,True
sn_i_bond|sq(h)|within=sd|across=mean,A,sn_i_bond,sq(h),sq,h,sd,mean,1,identity,ab424185a56b,True,f002093,True,0.726978825920495,True
sn_i_bond|sq(h)|within=sd|across=median,A,sn_i_bond,sq(h),sq,h,sd,median,1,identity,6fa5923d1e13,True,f002094,True,0.726964023974052,True
sn_i_bond|sq(h)|within=sd|across=max,A,sn_i_bond,sq(h),sq,h,sd,max,1,identity,793b6ecef3f7,True,f002095,True,1.64545964896499,True
sn_i_bond|sq(h)|within=sd|across=range,A,sn_i_bond,sq(h),sq,h,sd,range,1,identity,c793690c278f,True,f002096,True,4.52650200470492,True
sn_i_bond|sq(h)|within=sd|across=site_cv,A,sn_i_bond,sq(h),sq,h,sd,site_cv,1,identity,f54e9dbbc4e3,True,f002097,True,2.02222950806927,True
sn_i_bond|sq(h)|within=cv|across=mean,A,sn_i_bond,sq(h),sq,h,cv,mean,1,identity,66fc7087b20d,True,f002098,True,0.88327225261958,True
sn_i_bond|sq(h)|within=cv|across=median,A,sn_i_bond,sq(h),sq,h,cv,median,1,identity,8d615dc07f49,True,f002099,True,0.883256299190106,True
sn_i_bond|sq(h)|within=cv|across=max,A,sn_i_bond,sq(h),sq,h,cv,max,1,identity,b5813abb13fb,True,f002100,True,1.9556037073647,True
sn_i_bond|sq(h)|within=cv|across=range,A,sn_i_bond,sq(h),sq,h,cv,range,1,identity,e92dc2b7186a,True,f002101,True,4.79327920780881,True
sn_i_bond|sq(h)|within=cv|across=site_cv,A,sn_i_bond,sq(h),sq,h,cv,site_cv,1,identity,12149864717d,True,f002102,True,2.08776078708038,True
sn_i_bond|sq(h)|within=normalized_range|across=mean,A,sn_i_bond,sq(h),sq,h,normalized_range,mean,1,identity,439c8df00b44,True,f002103,True,2.2082101189173,True
sn_i_bond|sq(h)|within=normalized_range|across=median,A,sn_i_bond,sq(h),sq,h,normalized_range,median,1,identity,51bdf6b5fc63,True,f002104,True,2.20792161339835,True
sn_i_bond|sq(h)|within=normalized_range|across=max,A,sn_i_bond,sq(h),sq,h,normalized_range,max,1,identity,64a7e8bf7bab,True,f002105,True,1.98522390687765,True
sn_i_bond|sq(h)|within=normalized_range|across=range,A,sn_i_bond,sq(h),sq,h,normalized_range,range,1,identity,ac8a5c792d98,True,f002106,True,3.15589020575368,True
sn_i_bond|sq(h)|within=normalized_range|across=site_cv,A,sn_i_bond,sq(h),sq,h,normalized_range,site_cv,1,identity,50c48d1d4c3e,True,f002107,True,1.56374234627573,True
sn_i_bond|sq(h)|within=mad|across=max,A,sn_i_bond,sq(h),sq,h,mad,max,1,identity,238082d61638,True,f002110,True,2.68728550919362,True
sn_i_bond|sq(h)|within=mad|across=site_cv,A,sn_i_bond,sq(h),sq,h,mad,site_cv,1,identity,6b500b24a426,True,f002112,True,4.02753131856738,True
sn_i_bond|sq(h)|within=iqr|across=mean,A,sn_i_bond,sq(h),sq,h,iqr,mean,1,identity,3f58e9854f46,True,f002113,True,2.77155766454778,True
sn_i_bond|sq(h)|within=iqr|across=median,A,sn_i_bond,sq(h),sq,h,iqr,median,1,identity,aa9b80315e84,True,f002114,True,2.77188420968218,True
sn_i_bond|sq(h)|within=iqr|across=max,A,sn_i_bond,sq(h),sq,h,iqr,max,1,identity,b56ad56db891,True,f002115,True,2.52652334170022,True
sn_i_bond|sq(h)|within=iqr|across=range,A,sn_i_bond,sq(h),sq,h,iqr,range,1,identity,c5d9a5cdc3e2,True,f002116,True,4.89862603527097,True
sn_i_bond|sq(h)|within=iqr|across=site_cv,A,sn_i_bond,sq(h),sq,h,iqr,site_cv,1,identity,61dc2250e760,True,f002117,True,3.31954184225275,True
sn_i_bond|sq(h)|within=min|across=mean,A,sn_i_bond,sq(h),sq,h,min,mean,1,identity,05009f633080,True,f002118,True,4.98578826636858,True
sn_i_bond|sq(h)|within=min|across=median,A,sn_i_bond,sq(h),sq,h,min,median,1,identity,abb3bcbe7e95,True,f002119,True,4.9851691091688,True
sn_i_bond|sq(h)|within=max|across=mean,A,sn_i_bond,sq(h),sq,h,max,mean,1,identity,f4bfff7a75ab,True,f002123,True,0.754669550069978,True
sn_i_bond|sq(h)|within=max|across=median,A,sn_i_bond,sq(h),sq,h,max,median,1,identity,bf34bd899253,True,f002124,True,0.751680056851572,True
sn_i_bond|sq(h)|within=max|across=max,A,sn_i_bond,sq(h),sq,h,max,max,1,identity,b42dcade4936,True,f002125,True,0.942737695358853,True
sn_i_bond|sq(h)|within=max|across=range,A,sn_i_bond,sq(h),sq,h,max,range,1,identity,38852121d5c1,True,f002126,True,3.58873478266631,True
sn_i_bond|sq(h)|within=max|across=site_cv,A,sn_i_bond,sq(h),sq,h,max,site_cv,1,identity,fd3354194b4f,True,f002127,True,3.5589134258672,True
sn_i_bond|sq(h)|within=top2_deviation|across=mean,A,sn_i_bond,sq(h),sq,h,top2_deviation,mean,1,identity,884bd3951410,True,f002128,True,2.11219970367415,True
sn_i_bond|sq(h)|within=top2_deviation|across=median,A,sn_i_bond,sq(h),sq,h,top2_deviation,median,1,identity,414a6e473e92,True,f002129,True,2.11192802468668,True
sn_i_bond|sq(h)|within=top2_deviation|across=max,A,sn_i_bond,sq(h),sq,h,top2_deviation,max,1,identity,57e992941e0c,True,f002130,True,1.89966085438535,True
sn_i_bond|sq(h)|within=top2_deviation|across=range,A,sn_i_bond,sq(h),sq,h,top2_deviation,range,1,identity,78979b33ceb9,True,f002131,True,1.86889683406337,True
sn_i_bond|sq(h)|within=top2_deviation|across=site_cv,A,sn_i_bond,sq(h),sq,h,top2_deviation,site_cv,1,identity,96342c0b5289,True,f002132,True,0.85793787568381,True
sn_i_bond|sqrt(h)|within=sd|across=mean,A,sn_i_bond,sqrt(h),sqrt,h,sd,mean,1,identity,a9b9f0513fbf,True,f002138,True,0.915977017844696,True
sn_i_bond|sqrt(h)|within=sd|across=median,A,sn_i_bond,sqrt(h),sqrt,h,sd,median,1,identity,5e87cf468aaa,True,f002139,True,0.915957547953611,True
sn_i_bond|sqrt(h)|within=sd|across=max,A,sn_i_bond,sqrt(h),sqrt,h,sd,max,1,identity,0f11e44d1883,True,f002140,True,1.68580030619327,True
sn_i_bond|sqrt(h)|within=sd|across=range,A,sn_i_bond,sqrt(h),sqrt,h,sd,range,1,identity,a30b4733f249,True,f002141,True,4.69774919572712,True
sn_i_bond|sqrt(h)|within=sd|across=site_cv,A,sn_i_bond,sqrt(h),sqrt,h,sd,site_cv,1,identity,564ceeafb582,True,f002142,True,2.07005119913714,True
sn_i_bond|sqrt(h)|within=cv|across=mean,A,sn_i_bond,sqrt(h),sqrt,h,cv,mean,1,identity,9c54a0a7362c,True,f002143,True,0.955896123715015,True
sn_i_bond|sqrt(h)|within=cv|across=median,A,sn_i_bond,sqrt(h),sqrt,h,cv,median,1,identity,ed0ba49f3e90,True,f002144,True,0.955876325781006,True
sn_i_bond|sqrt(h)|within=cv|across=max,A,sn_i_bond,sqrt(h),sqrt,h,cv,max,1,identity,390662a4a2cd,True,f002145,True,1.76870137826525,True
sn_i_bond|sqrt(h)|within=cv|across=range,A,sn_i_bond,sqrt(h),sqrt,h,cv,range,1,identity,cab10577e8dd,True,f002146,True,4.77617926201723,True
sn_i_bond|sqrt(h)|within=cv|across=site_cv,A,sn_i_bond,sqrt(h),sqrt,h,cv,site_cv,1,identity,d77d829da056,True,f002147,True,2.09003914526962,True
sn_i_bond|sqrt(h)|within=normalized_range|across=mean,A,sn_i_bond,sqrt(h),sqrt,h,normalized_range,mean,1,identity,8bf6f156cd37,True,f002148,True,2.33464061267458,True
sn_i_bond|sqrt(h)|within=normalized_range|across=median,A,sn_i_bond,sqrt(h),sqrt,h,normalized_range,median,1,identity,a3ae73360542,True,f002149,True,2.33433462119289,True
sn_i_bond|sqrt(h)|within=normalized_range|across=max,A,sn_i_bond,sqrt(h),sqrt,h,normalized_range,max,1,identity,253e31a5f228,True,f002150,True,2.1118695058897,True
sn_i_bond|sqrt(h)|within=normalized_range|across=range,A,sn_i_bond,sqrt(h),sqrt,h,normalized_range,range,1,identity,3cb01b2f7f88,True,f002151,True,2.95436357765859,True
sn_i_bond|sqrt(h)|within=normalized_range|across=site_cv,A,sn_i_bond,sqrt(h),sqrt,h,normalized_range,site_cv,1,identity,1437dba1ffb2,True,f002152,True,1.4935449889496,True
sn_i_bond|sqrt(h)|within=mad|across=mean,A,sn_i_bond,sqrt(h),sqrt,h,mad,mean,1,identity,36ba0fd29d93,True,f002153,True,2.9514025451821,True
sn_i_bond|sqrt(h)|within=mad|across=median,A,sn_i_bond,sqrt(h),sqrt,h,mad,median,1,identity,c38727ac5632,True,f002154,True,2.95651080477359,True
sn_i_bond|sqrt(h)|within=mad|across=max,A,sn_i_bond,sqrt(h),sqrt,h,mad,max,1,identity,63e9ed2a7785,True,f002155,True,2.14205887923279,True
sn_i_bond|sqrt(h)|within=iqr|across=mean,A,sn_i_bond,sqrt(h),sqrt,h,iqr,mean,1,identity,5dca400f01ba,True,f002158,True,2.73528488657062,True
sn_i_bond|sqrt(h)|within=iqr|across=median,A,sn_i_bond,sqrt(h),sqrt,h,iqr,median,1,identity,cfafc0b4136b,True,f002159,True,2.73558536404579,True
sn_i_bond|sqrt(h)|within=iqr|across=max,A,sn_i_bond,sqrt(h),sqrt,h,iqr,max,1,identity,31061e94067f,True,f002160,True,2.46865037140197,True
sn_i_bond|sqrt(h)|within=iqr|across=site_cv,A,sn_i_bond,sqrt(h),sqrt,h,iqr,site_cv,1,identity,a98d7dab87f9,True,f002162,True,3.55682522145883,True
sn_i_bond|sqrt(h)|within=max|across=mean,A,sn_i_bond,sqrt(h),sqrt,h,max,mean,1,identity,94f2cdb232fe,True,f002168,True,0.731318762984327,True
sn_i_bond|sqrt(h)|within=max|across=median,A,sn_i_bond,sqrt(h),sqrt,h,max,median,1,identity,07aaa742dce6,True,f002169,True,0.730643097127818,True
sn_i_bond|sqrt(h)|within=max|across=max,A,sn_i_bond,sqrt(h),sqrt,h,max,max,1,identity,83386fc27971,True,f002170,True,0.899892834290228,True
sn_i_bond|sqrt(h)|within=max|across=range,A,sn_i_bond,sqrt(h),sqrt,h,max,range,1,identity,7412f217f23f,True,f002171,True,3.47328631293396,True
sn_i_bond|sqrt(h)|within=max|across=site_cv,A,sn_i_bond,sqrt(h),sqrt,h,max,site_cv,1,identity,b95ea3207593,True,f002172,True,3.55678248746635,True
sn_i_bond|sqrt(h)|within=top2_deviation|across=mean,A,sn_i_bond,sqrt(h),sqrt,h,top2_deviation,mean,1,identity,f17c26db236e,True,f002173,True,2.31163307651847,True
sn_i_bond|sqrt(h)|within=top2_deviation|across=median,A,sn_i_bond,sqrt(h),sqrt,h,top2_deviation,median,1,identity,af748cb23114,True,f002174,True,2.31133111258163,True
sn_i_bond|sqrt(h)|within=top2_deviation|across=max,A,sn_i_bond,sqrt(h),sqrt,h,top2_deviation,max,1,identity,b4b3f933fa65,True,f002175,True,2.09128670767693,True
sn_i_bond|sqrt(h)|within=top2_deviation|across=range,A,sn_i_bond,sqrt(h),sqrt,h,top2_deviation,range,1,identity,8ebe1710d07d,True,f002176,True,1.76566735126321,True
sn_i_bond|sqrt(h)|within=top2_deviation|across=site_cv,A,sn_i_bond,sqrt(h),sqrt,h,top2_deviation,site_cv,1,identity,c05f258e225c,True,f002177,True,0.816155298228069,True
sn_i_bond|r|within=sd|across=site_cv,A,sn_i_bond,r,identity,r,sd,site_cv,1,identity,ed231f82cf69,True,f003177,True,1.69094193703229,True
sn_i_bond|r|within=cv|across=mean,A,sn_i_bond,r,identity,r,cv,mean,1,identity,ed2353781202,True,f003178,True,2.20956054148318,True
sn_i_bond|r|within=cv|across=median,A,sn_i_bond,r,identity,r,cv,median,1,identity,2f938f853081,True,f003179,True,2.20173774447072,True
sn_i_bond|r|within=cv|across=max,A,sn_i_bond,r,identity,r,cv,max,1,identity,bd415da7320f,True,f003180,True,1.61882085963069,True
sn_i_bond|r|within=cv|across=range,A,sn_i_bond,r,identity,r,cv,range,1,identity,41dc5ff9eb2c,True,f003181,True,3.90679523233117,True
sn_i_bond|r|within=cv|across=site_cv,A,sn_i_bond,r,identity,r,cv,site_cv,1,identity,e95dcea03485,True,f003182,True,1.69360888030834,True
sn_i_bond|r|within=normalized_range|across=mean,A,sn_i_bond,r,identity,r,normalized_range,mean,1,identity,922b8abd9dc9,True,f003183,True,1.56098623979283,True
sn_i_bond|r|within=normalized_range|across=median,A,sn_i_bond,r,identity,r,normalized_range,median,1,identity,9c5ec2b34fe0,True,f003184,True,1.6427897552783,True
sn_i_bond|r|within=normalized_range|across=max,A,sn_i_bond,r,identity,r,normalized_range,max,1,identity,85006d21856f,True,f003185,True,0.881238648466121,True
sn_i_bond|r|within=normalized_range|across=range,A,sn_i_bond,r,identity,r,normalized_range,range,1,identity,3f78a00f36d1,True,f003186,True,4.06841081417221,True
sn_i_bond|r|within=normalized_range|across=site_cv,A,sn_i_bond,r,identity,r,normalized_range,site_cv,1,identity,3ddee056be44,True,f003187,True,2.30617047230839,True
sn_i_bond|r|within=iqr|across=site_cv,A,sn_i_bond,r,identity,r,iqr,site_cv,1,identity,c85ca2f79fb8,True,f003197,True,3.15424211075553,True
sn_i_bond|r|within=top2_deviation|across=site_cv,A,sn_i_bond,r,identity,r,top2_deviation,site_cv,1,identity,7b8a44a97d16,True,f003212,True,2.34219259830837,True
sn_i_bond|inv(r)|within=sd|across=site_cv,A,sn_i_bond,inv(r),inv,r,sd,site_cv,1,identity,441c4d40623c,True,f003222,True,1.65803950828642,True
sn_i_bond|inv(r)|within=cv|across=mean,A,sn_i_bond,inv(r),inv,r,cv,mean,1,identity,bda214f4f810,True,f003223,True,2.22004194655657,True
sn_i_bond|inv(r)|within=cv|across=median,A,sn_i_bond,inv(r),inv,r,cv,median,1,identity,a97f5d52dbcc,True,f003224,True,2.21079951037458,True
sn_i_bond|inv(r)|within=cv|across=max,A,sn_i_bond,inv(r),inv,r,cv,max,1,identity,fe768b6a6cd6,True,f003225,True,1.66567437621923,True
sn_i_bond|inv(r)|within=cv|across=range,A,sn_i_bond,inv(r),inv,r,cv,range,1,identity,eca45b302e89,True,f003226,True,3.79086562012119,True
sn_i_bond|inv(r)|within=cv|across=site_cv,A,sn_i_bond,inv(r),inv,r,cv,site_cv,1,identity,6f6f8cb9143e,True,f003227,True,1.65499963033448,True
sn_i_bond|inv(r)|within=normalized_range|across=mean,A,sn_i_bond,inv(r),inv,r,normalized_range,mean,1,identity,96679654dc77,True,f003228,True,1.61318785208737,True
sn_i_bond|inv(r)|within=normalized_range|across=median,A,sn_i_bond,inv(r),inv,r,normalized_range,median,1,identity,bdf4c71a7086,True,f003229,True,1.69753581055395,True
sn_i_bond|inv(r)|within=normalized_range|across=max,A,sn_i_bond,inv(r),inv,r,normalized_range,max,1,identity,16d31c51843e,True,f003230,True,0.89405668791598,True
sn_i_bond|inv(r)|within=normalized_range|across=range,A,sn_i_bond,inv(r),inv,r,normalized_range,range,1,identity,2077ea394b1a,True,f003231,True,3.95259211827416,True
sn_i_bond|inv(r)|within=normalized_range|across=site_cv,A,sn_i_bond,inv(r),inv,r,normalized_range,site_cv,1,identity,ec5b78b50149,True,f003232,True,2.29259120249732,True
sn_i_bond|inv(r)|within=iqr|across=site_cv,A,sn_i_bond,inv(r),inv,r,iqr,site_cv,1,identity,632ec354e1d5,True,f003242,True,3.26236815565736,True
sn_i_bond|inv(r)|within=top2_deviation|across=site_cv,A,sn_i_bond,inv(r),inv,r,top2_deviation,site_cv,1,identity,7dbae7adbcb5,True,f003257,True,2.33233614721685,True
sn_i_bond|sq(r)|within=sd|across=site_cv,A,sn_i_bond,sq(r),sq,r,sd,site_cv,1,identity,3625b8dec9c8,True,f003267,True,1.70764977245773,True
sn_i_bond|sq(r)|within=cv|across=mean,A,sn_i_bond,sq(r),sq,r,cv,mean,1,identity,25085135a00b,True,f003268,True,2.2018566815105,True
sn_i_bond|sq(r)|within=cv|across=median,A,sn_i_bond,sq(r),sq,r,cv,median,1,identity,468f9a9c32b3,True,f003269,True,2.1941893462304,True
sn_i_bond|sq(r)|within=cv|across=max,A,sn_i_bond,sq(r),sq,r,cv,max,1,identity,bd80e242f68f,True,f003270,True,1.59484683670679,True
sn_i_bond|sq(r)|within=cv|across=range,A,sn_i_bond,sq(r),sq,r,cv,range,1,identity,386865f43c4d,True,f003271,True,3.96402769022675,True
sn_i_bond|sq(r)|within=cv|across=site_cv,A,sn_i_bond,sq(r),sq,r,cv,site_cv,1,identity,e6b5321ee1b7,True,f003272,True,1.71260363886524,True
sn_i_bond|sq(r)|within=normalized_range|across=mean,A,sn_i_bond,sq(r),sq,r,normalized_range,mean,1,identity,f9ebbb6492d7,True,f003273,True,1.53552760570153,True
sn_i_bond|sq(r)|within=normalized_range|across=median,A,sn_i_bond,sq(r),sq,r,normalized_range,median,1,identity,b0593d062b9f,True,f003274,True,1.61607091383801,True
sn_i_bond|sq(r)|within=normalized_range|across=max,A,sn_i_bond,sq(r),sq,r,normalized_range,max,1,identity,660238c3c5d0,True,f003275,True,0.874699634452905,True
sn_i_bond|sq(r)|within=normalized_range|across=range,A,sn_i_bond,sq(r),sq,r,normalized_range,range,1,identity,f7f0536c830a,True,f003276,True,4.14976070615327,True
sn_i_bond|sq(r)|within=normalized_range|across=site_cv,A,sn_i_bond,sq(r),sq,r,normalized_range,site_cv,1,identity,d62e9d3ba7bd,True,f003277,True,2.31278579146747,True
sn_i_bond|sq(r)|within=iqr|across=site_cv,A,sn_i_bond,sq(r),sq,r,iqr,site_cv,1,identity,41c3815ae9ad,True,f003287,True,3.10028889104869,True
sn_i_bond|sq(r)|within=top2_deviation|across=site_cv,A,sn_i_bond,sq(r),sq,r,top2_deviation,site_cv,1,identity,12df418dd521,True,f003302,True,2.34744511037744,True
sn_i_bond|sqrt(r)|within=sd|across=site_cv,A,sn_i_bond,sqrt(r),sqrt,r,sd,site_cv,1,identity,de04e04782f6,True,f003312,True,1.68265147371329,True
sn_i_bond|sqrt(r)|within=cv|across=mean,A,sn_i_bond,sqrt(r),sqrt,r,cv,mean,1,identity,5d61ea450d01,True,f003313,True,2.21319708683911,True
sn_i_bond|sqrt(r)|within=cv|across=median,A,sn_i_bond,sqrt(r),sqrt,r,cv,median,1,identity,143aef19badf,True,f003314,True,2.20441530473996,True
sn_i_bond|sqrt(r)|within=cv|across=max,A,sn_i_bond,sqrt(r),sqrt,r,cv,max,1,identity,d2d47809926b,True,f003315,True,1.63067314994709,True
sn_i_bond|sqrt(r)|within=cv|across=range,A,sn_i_bond,sqrt(r),sqrt,r,cv,range,1,identity,7883664dfb06,True,f003316,True,3.8779875742933,True
sn_i_bond|sqrt(r)|within=cv|across=site_cv,A,sn_i_bond,sqrt(r),sqrt,r,cv,site_cv,1,identity,0b0030f79a56,True,f003317,True,1.68403200876409,True
sn_i_bond|sqrt(r)|within=normalized_range|across=mean,A,sn_i_bond,sqrt(r),sqrt,r,normalized_range,mean,1,identity,04fc16433409,True,f003318,True,1.57387701857847,True
sn_i_bond|sqrt(r)|within=normalized_range|across=median,A,sn_i_bond,sqrt(r),sqrt,r,normalized_range,median,1,identity,68535fea3184,True,f003319,True,1.65631364519787,True
sn_i_bond|sqrt(r)|within=normalized_range|across=max,A,sn_i_bond,sqrt(r),sqrt,r,normalized_range,max,1,identity,6affdce4b9bd,True,f003320,True,0.884475603566198,True
sn_i_bond|sqrt(r)|within=normalized_range|across=range,A,sn_i_bond,sqrt(r),sqrt,r,normalized_range,range,1,identity,15875c720b16,True,f003321,True,4.0279935090912,True
sn_i_bond|sqrt(r)|within=normalized_range|across=site_cv,A,sn_i_bond,sqrt(r),sqrt,r,normalized_range,site_cv,1,identity,c6ec7b519547,True,f003322,True,2.30281766796614,True
sn_i_bond|sqrt(r)|within=iqr|across=site_cv,A,sn_i_bond,sqrt(r),sqrt,r,iqr,site_cv,1,identity,e0911fe5816a,True,f003332,True,3.1812474223137,True
sn_i_bond|sqrt(r)|within=top2_deviation|across=site_cv,A,sn_i_bond,sqrt(r),sqrt,r,top2_deviation,site_cv,1,identity,0abcb3b334c0,True,f003347,True,2.33964714606835,True
"sn_i_bond|mult(d,h)|within=sd|across=site_cv",A,sn_i_bond,"mult(d,h)",mult,d+h,sd,site_cv,1,identity,66cf357a4205,True,f009597,True,0.943114970445837,True
"sn_i_bond|mult(d,h)|within=cv|across=mean",A,sn_i_bond,"mult(d,h)",mult,d+h,cv,mean,1,identity,29d0d96e2350,True,f009598,True,0.45058437619052,True
"sn_i_bond|mult(d,h)|within=cv|across=median",A,sn_i_bond,"mult(d,h)",mult,d+h,cv,median,1,identity,ccdfb0000181,True,f009599,True,0.450558965532866,True
"sn_i_bond|mult(d,h)|within=cv|across=max",A,sn_i_bond,"mult(d,h)",mult,d+h,cv,max,1,identity,2c6aa08ce87a,True,f009600,True,1.08047347320968,True
"sn_i_bond|mult(d,h)|within=cv|across=range",A,sn_i_bond,"mult(d,h)",mult,d+h,cv,range,1,identity,ea89741c1c82,True,f009601,True,2.28360295190735,True
"sn_i_bond|mult(d,h)|within=cv|across=site_cv",A,sn_i_bond,"mult(d,h)",mult,d+h,cv,site_cv,1,identity,490becfba10d,True,f009602,True,0.974362145850658,True
"sn_i_bond|mult(d,h)|within=normalized_range|across=mean",A,sn_i_bond,"mult(d,h)",mult,d+h,normalized_range,mean,1,identity,265fbda61d64,True,f009603,True,1.20149591380936,True
"sn_i_bond|mult(d,h)|within=normalized_range|across=median",A,sn_i_bond,"mult(d,h)",mult,d+h,normalized_range,median,1,identity,dad8c5e2cfda,True,f009604,True,1.2013840813866,True
"sn_i_bond|mult(d,h)|within=normalized_range|across=max",A,sn_i_bond,"mult(d,h)",mult,d+h,normalized_range,max,1,identity,05fcc0850e8f,True,f009605,True,1.03765140884305,True
"sn_i_bond|mult(d,h)|within=normalized_range|across=range",A,sn_i_bond,"mult(d,h)",mult,d+h,normalized_range,range,1,identity,b288bf17fc11,True,f009606,True,1.84691585196407,True
"sn_i_bond|mult(d,h)|within=normalized_range|across=site_cv",A,sn_i_bond,"mult(d,h)",mult,d+h,normalized_range,site_cv,1,identity,7448dfdbaaee,True,f009607,True,0.977637190765415,True
"sn_i_bond|mult(d,h)|within=mad|across=site_cv",A,sn_i_bond,"mult(d,h)",mult,d+h,mad,site_cv,1,identity,ba62d21790f8,True,f009612,True,3.665640442999,True
"sn_i_bond|mult(d,h)|within=iqr|across=site_cv",A,sn_i_bond,"mult(d,h)",mult,d+h,iqr,site_cv,1,identity,c2c69d1d1893,True,f009617,True,1.30420915773733,True
"sn_i_bond|mult(d,h)|within=min|across=site_cv",A,sn_i_bond,"mult(d,h)",mult,d+h,min,site_cv,1,identity,ed393b667181,True,f009622,True,3.90470740601894,True
"sn_i_bond|mult(d,h)|within=max|across=site_cv",A,sn_i_bond,"mult(d,h)",mult,d+h,max,site_cv,1,identity,c39dc84867fa,True,f009627,True,1.88592231940575,True
"sn_i_bond|mult(d,h)|within=top2_deviation|across=site_cv",A,sn_i_bond,"mult(d,h)",mult,d+h,top2_deviation,site_cv,1,identity,f42d719636e2,True,f009632,True,0.429883777494546,True
"sn_i_bond|add(d,r)|within=mean|across=site_cv",A,sn_i_bond,"add(d,r)",add,d+r,mean,site_cv,1,identity,b21c878b60de,True,f010627,True,1.55453985195225,True
"sn_i_bond|add(d,r)|within=sd|across=site_cv",A,sn_i_bond,"add(d,r)",add,d+r,sd,site_cv,1,identity,95a2dc4564d6,True,f010632,True,0.111803395922097,True
"sn_i_bond|add(d,r)|within=cv|across=mean",A,sn_i_bond,"add(d,r)",add,d+r,cv,mean,1,identity,cf5cbefafa43,True,f010633,True,0.181605435787503,True
"sn_i_bond|add(d,r)|within=cv|across=median",A,sn_i_bond,"add(d,r)",add,d+r,cv,median,1,identity,f9f1b1f43330,True,f010634,True,0.179884236417249,True
"sn_i_bond|add(d,r)|within=cv|across=max",A,sn_i_bond,"add(d,r)",add,d+r,cv,max,1,identity,64e275590d8e,True,f010635,True,0.138421070864465,True
"sn_i_bond|add(d,r)|within=cv|across=range",A,sn_i_bond,"add(d,r)",add,d+r,cv,range,1,identity,68e3540ba282,True,f010636,True,0.233528742321971,True
"sn_i_bond|add(d,r)|within=cv|across=site_cv",A,sn_i_bond,"add(d,r)",add,d+r,cv,site_cv,1,identity,b8aeec10d241,True,f010637,True,0.112060488251133,True
"sn_i_bond|add(d,r)|within=normalized_range|across=mean",A,sn_i_bond,"add(d,r)",add,d+r,normalized_range,mean,1,identity,ad8a1d162a01,True,f010638,True,0.188770917944525,True
"sn_i_bond|add(d,r)|within=normalized_range|across=median",A,sn_i_bond,"add(d,r)",add,d+r,normalized_range,median,1,identity,53606f6f61d8,True,f010639,True,0.188754849373958,True
"sn_i_bond|add(d,r)|within=normalized_range|across=max",A,sn_i_bond,"add(d,r)",add,d+r,normalized_range,max,1,identity,0e026ac51079,True,f010640,True,0.156879997858599,True
"sn_i_bond|add(d,r)|within=normalized_range|across=range",A,sn_i_bond,"add(d,r)",add,d+r,normalized_range,range,1,identity,901bff30c5fb,True,f010641,True,0.222835203351483,True
"sn_i_bond|add(d,r)|within=normalized_range|across=site_cv",A,sn_i_bond,"add(d,r)",add,d+r,normalized_range,site_cv,1,identity,ee97b50ea1ec,True,f010642,True,0.138732234525229,True
"sn_i_bond|add(d,r)|within=mad|across=site_cv",A,sn_i_bond,"add(d,r)",add,d+r,mad,site_cv,1,identity,6945623fe98a,True,f010647,True,0.840952375034907,True
"sn_i_bond|add(d,r)|within=iqr|across=site_cv",A,sn_i_bond,"add(d,r)",add,d+r,iqr,site_cv,1,identity,36ff24aa36ff,True,f010652,True,0.151246490799392,True
"sn_i_bond|add(d,r)|within=min|across=site_cv",A,sn_i_bond,"add(d,r)",add,d+r,min,site_cv,1,identity,1c8ae8b8622e,True,f010657,True,0.321250922491305,True
"sn_i_bond|add(d,r)|within=max|across=site_cv",A,sn_i_bond,"add(d,r)",add,d+r,max,site_cv,1,identity,462c339b3f32,True,f010662,True,0.266634972241922,True
"sn_i_bond|add(d,r)|within=top2_deviation|across=site_cv",A,sn_i_bond,"add(d,r)",add,d+r,top2_deviation,site_cv,1,identity,cbe5a0049216,True,f010667,True,0.151532502526424,True
"sn_i_bond|sub(d,r)|within=mean|across=site_cv",A,sn_i_bond,"sub(d,r)",sub,d+r,mean,site_cv,1,identity,f8475db63570,True,f010672,True,1.66448089898553,True
"sn_i_bond|sub(d,r)|within=sd|across=site_cv",A,sn_i_bond,"sub(d,r)",sub,d+r,sd,site_cv,1,identity,87732b130b51,True,f010677,True,0.132565050941675,True
"sn_i_bond|sub(d,r)|within=cv|across=mean",A,sn_i_bond,"sub(d,r)",sub,d+r,cv,mean,1,identity,913ef2c197b4,True,f010678,True,0.214318738580792,True
"sn_i_bond|sub(d,r)|within=cv|across=median",A,sn_i_bond,"sub(d,r)",sub,d+r,cv,median,1,identity,94c6588e1f84,True,f010679,True,0.212365246230111,True
"sn_i_bond|sub(d,r)|within=cv|across=max",A,sn_i_bond,"sub(d,r)",sub,d+r,cv,max,1,identity,74505c3a4091,True,f010680,True,0.163018335090655,True
"sn_i_bond|sub(d,r)|within=cv|across=range",A,sn_i_bond,"sub(d,r)",sub,d+r,cv,range,1,identity,fe4e3df84d1a,True,f010681,True,0.272665269784739,True
"sn_i_bond|sub(d,r)|within=cv|across=site_cv",A,sn_i_bond,"sub(d,r)",sub,d+r,cv,site_cv,1,identity,139a9ba8bec1,True,f010682,True,0.132982528826638,True
"sn_i_bond|sub(d,r)|within=normalized_range|across=mean",A,sn_i_bond,"sub(d,r)",sub,d+r,normalized_range,mean,1,identity,a0af7c46f784,True,f010683,True,0.216707285187619,True
"sn_i_bond|sub(d,r)|within=normalized_range|across=median",A,sn_i_bond,"sub(d,r)",sub,d+r,normalized_range,median,1,identity,8aece8a07d71,True,f010684,True,0.216710773884305,True
"sn_i_bond|sub(d,r)|within=normalized_range|across=max",A,sn_i_bond,"sub(d,r)",sub,d+r,normalized_range,max,1,identity,d982ac9ff74e,True,f010685,True,0.178320741034758,True
"sn_i_bond|sub(d,r)|within=normalized_range|across=range",A,sn_i_bond,"sub(d,r)",sub,d+r,normalized_range,range,1,identity,a3498db83eb6,True,f010686,True,0.255224767897737,True
"sn_i_bond|sub(d,r)|within=normalized_range|across=site_cv",A,sn_i_bond,"sub(d,r)",sub,d+r,normalized_range,site_cv,1,identity,6ee99444091a,True,f010687,True,0.163955259177216,True
"sn_i_bond|sub(d,r)|within=mad|across=site_cv",A,sn_i_bond,"sub(d,r)",sub,d+r,mad,site_cv,1,identity,15bc51187fe6,True,f010692,True,1.39663056610082,True
"sn_i_bond|sub(d,r)|within=iqr|across=site_cv",A,sn_i_bond,"sub(d,r)",sub,d+r,iqr,site_cv,1,identity,a7adc9bf8e51,True,f010697,True,0.169859771364091,True
"sn_i_bond|sub(d,r)|within=min|across=site_cv",A,sn_i_bond,"sub(d,r)",sub,d+r,min,site_cv,1,identity,e9d2beeeab3a,True,f010702,True,0.370645922267785,True
"sn_i_bond|sub(d,r)|within=max|across=site_cv",A,sn_i_bond,"sub(d,r)",sub,d+r,max,site_cv,1,identity,01bdfffbb4ba,True,f010707,True,0.305533105634257,True
"sn_i_bond|sub(d,r)|within=top2_deviation|across=site_cv",A,sn_i_bond,"sub(d,r)",sub,d+r,top2_deviation,site_cv,1,identity,89cb32b2f3a0,True,f010712,True,0.181027264986797,True
"sn_i_bond|mult(d,r)|within=mean|across=site_cv",A,sn_i_bond,"mult(d,r)",mult,d+r,mean,site_cv,1,identity,95df64f83d43,True,f010717,True,4.93287907577542,True
"sn_i_bond|mult(d,r)|within=sd|across=site_cv",A,sn_i_bond,"mult(d,r)",mult,d+r,sd,site_cv,1,identity,6c952f74980c,True,f010722,True,0.344018673667488,True
"sn_i_bond|mult(d,r)|within=cv|across=mean",A,sn_i_bond,"mult(d,r)",mult,d+r,cv,mean,1,identity,4649e5bc18b1,True,f010723,True,0.537255211376641,True
"sn_i_bond|mult(d,r)|within=cv|across=median",A,sn_i_bond,"mult(d,r)",mult,d+r,cv,median,1,identity,213436f0807f,True,f010724,True,0.531734174211799,True
"sn_i_bond|mult(d,r)|within=cv|across=max",A,sn_i_bond,"mult(d,r)",mult,d+r,cv,max,1,identity,eaf5db3ce8d2,True,f010725,True,0.382826747092293,True
"sn_i_bond|mult(d,r)|within=cv|across=range",A,sn_i_bond,"mult(d,r)",mult,d+r,cv,range,1,identity,f8c3ba6e9d6b,True,f010726,True,0.7392484514102,True
"sn_i_bond|mult(d,r)|within=cv|across=site_cv",A,sn_i_bond,"mult(d,r)",mult,d+r,cv,site_cv,1,identity,5e15a7cdb2d9,True,f010727,True,0.344630743501408,True
"sn_i_bond|mult(d,r)|within=normalized_range|across=mean",A,sn_i_bond,"mult(d,r)",mult,d+r,normalized_range,mean,1,identity,92f5dfd9111d,True,f010728,True,0.567001729251735,True
"sn_i_bond|mult(d,r)|within=normalized_range|across=median",A,sn_i_bond,"mult(d,r)",mult,d+r,normalized_range,median,1,identity,74f71c53cc5b,True,f010729,True,0.567019472468941,True
"sn_i_bond|mult(d,r)|within=normalized_range|across=max",A,sn_i_bond,"mult(d,r)",mult,d+r,normalized_range,max,1,identity,3bb76601c913,True,f010730,True,0.466627834975481,True
"sn_i_bond|mult(d,r)|within=normalized_range|across=range",A,sn_i_bond,"mult(d,r)",mult,d+r,normalized_range,range,1,identity,f69e2d97c506,True,f010731,True,0.742231986981614,True
"sn_i_bond|mult(d,r)|within=normalized_range|across=site_cv",A,sn_i_bond,"mult(d,r)",mult,d+r,normalized_range,site_cv,1,identity,3497bc23cb36,True,f010732,True,0.430980931153985,True
"sn_i_bond|mult(d,r)|within=mad|across=site_cv",A,sn_i_bond,"mult(d,r)",mult,d+r,mad,site_cv,1,identity,839f1b0efb69,True,f010737,True,3.84764214037551,True
"sn_i_bond|mult(d,r)|within=iqr|across=site_cv",A,sn_i_bond,"mult(d,r)",mult,d+r,iqr,site_cv,1,identity,265fe5e9156c,True,f010742,True,0.533141681449905,True
"sn_i_bond|mult(d,r)|within=min|across=site_cv",A,sn_i_bond,"mult(d,r)",mult,d+r,min,site_cv,1,identity,9a94eb7af668,True,f010747,True,0.94923186042756,True
"sn_i_bond|mult(d,r)|within=max|across=site_cv",A,sn_i_bond,"mult(d,r)",mult,d+r,max,site_cv,1,identity,be5416811267,True,f010752,True,1.18798807466484,True
"sn_i_bond|mult(d,r)|within=top2_deviation|across=site_cv",A,sn_i_bond,"mult(d,r)",mult,d+r,top2_deviation,site_cv,1,identity,0530a82f65e8,True,f010757,True,0.454993039378437,True
"sn_i_bond|div(d,r)|within=mean|across=mean",A,sn_i_bond,"div(d,r)",div,d+r,mean,mean,1,identity,9cf98ce9f5bd,True,f010758,True,4.05622318984224,True
"sn_i_bond|div(d,r)|within=mean|across=median",A,sn_i_bond,"div(d,r)",div,d+r,mean,median,1,identity,5b5aaeb38881,True,f010759,True,4.05723719868058,True
"sn_i_bond|div(d,r)|within=mean|across=max",A,sn_i_bond,"div(d,r)",div,d+r,mean,max,1,identity,2c652bf6a613,True,f010760,True,3.63368692157264,True
"sn_i_bond|div(d,r)|within=sd|across=mean",A,sn_i_bond,"div(d,r)",div,d+r,sd,mean,1,identity,3d6557b0116a,True,f010763,True,0.960681929241665,True
"sn_i_bond|div(d,r)|within=sd|across=median",A,sn_i_bond,"div(d,r)",div,d+r,sd,median,1,identity,05a9d2069d51,True,f010764,True,0.957416850128363,True
"sn_i_bond|div(d,r)|within=sd|across=max",A,sn_i_bond,"div(d,r)",div,d+r,sd,max,1,identity,3a63c56a0acc,True,f010765,True,0.681967690169319,True
"sn_i_bond|div(d,r)|within=sd|across=range",A,sn_i_bond,"div(d,r)",div,d+r,sd,range,1,identity,93a58652a78f,True,f010766,True,1.23893100014687,True
"sn_i_bond|div(d,r)|within=sd|across=site_cv",A,sn_i_bond,"div(d,r)",div,d+r,sd,site_cv,1,identity,c412b9699300,True,f010767,True,0.637050698736942,True
"sn_i_bond|div(d,r)|within=cv|across=mean",A,sn_i_bond,"div(d,r)",div,d+r,cv,mean,1,identity,667b8326cd72,True,f010768,True,0.970943492080812,True
"sn_i_bond|div(d,r)|within=cv|across=median",A,sn_i_bond,"div(d,r)",div,d+r,cv,median,1,identity,f6aaae2489d4,True,f010769,True,0.96708756250176,True
"sn_i_bond|div(d,r)|within=cv|across=max",A,sn_i_bond,"div(d,r)",div,d+r,cv,max,1,identity,4d781484d6e8,True,f010770,True,0.703353615576207,True
"sn_i_bond|div(d,r)|within=cv|across=range",A,sn_i_bond,"div(d,r)",div,d+r,cv,range,1,identity,7fef29121694,True,f010771,True,1.23127378080595,True
"sn_i_bond|div(d,r)|within=cv|across=site_cv",A,sn_i_bond,"div(d,r)",div,d+r,cv,site_cv,1,identity,213ed31783bc,True,f010772,True,0.63761242866758,True
"sn_i_bond|div(d,r)|within=normalized_range|across=mean",A,sn_i_bond,"div(d,r)",div,d+r,normalized_range,mean,1,identity,51c48f835edf,True,f010773,True,0.979912764180858,True
"sn_i_bond|div(d,r)|within=normalized_range|across=median",A,sn_i_bond,"div(d,r)",div,d+r,normalized_range,median,1,identity,2bd505677d57,True,f010774,True,0.980132805577289,True
"sn_i_bond|div(d,r)|within=normalized_range|across=max",A,sn_i_bond,"div(d,r)",div,d+r,normalized_range,max,1,identity,b34da833beec,True,f010775,True,0.79174264190147,True
"sn_i_bond|div(d,r)|within=normalized_range|across=range",A,sn_i_bond,"div(d,r)",div,d+r,normalized_range,range,1,identity,c373beccd961,True,f010776,True,1.14048825040379,True
"sn_i_bond|div(d,r)|within=normalized_range|across=site_cv",A,sn_i_bond,"div(d,r)",div,d+r,normalized_range,site_cv,1,identity,211e446fe6de,True,f010777,True,0.753291028417126,True
"sn_i_bond|div(d,r)|within=mad|across=mean",A,sn_i_bond,"div(d,r)",div,d+r,mad,mean,1,identity,fc695bb94716,True,f010778,True,3.60834389783489,True
"sn_i_bond|div(d,r)|within=mad|across=median",A,sn_i_bond,"div(d,r)",div,d+r,mad,median,1,identity,8ed924f2e5d3,True,f010779,True,3.61577964876406,True
"sn_i_bond|div(d,r)|within=mad|across=max",A,sn_i_bond,"div(d,r)",div,d+r,mad,max,1,identity,1f17dc53aea0,True,f010780,True,2.2395382058608,True
"sn_i_bond|div(d,r)|within=mad|across=range",A,sn_i_bond,"div(d,r)",div,d+r,mad,range,1,identity,2c220713cf4d,True,f010781,True,3.16481562750136,True
"sn_i_bond|div(d,r)|within=mad|across=site_cv",A,sn_i_bond,"div(d,r)",div,d+r,mad,site_cv,1,identity,44fcbc8bbbb3,True,f010782,True,4.80514299116678,True
"sn_i_bond|div(d,r)|within=iqr|across=mean",A,sn_i_bond,"div(d,r)",div,d+r,iqr,mean,1,identity,a85d8a98b55f,True,f010783,True,2.6521261248056,True
"sn_i_bond|div(d,r)|within=iqr|across=median",A,sn_i_bond,"div(d,r)",div,d+r,iqr,median,1,identity,5b611171faee,True,f010784,True,2.64942674378113,True
"sn_i_bond|div(d,r)|within=iqr|across=max",A,sn_i_bond,"div(d,r)",div,d+r,iqr,max,1,identity,db5b0cfbe51f,True,f010785,True,2.65362434752526,True
"sn_i_bond|div(d,r)|within=iqr|across=range",A,sn_i_bond,"div(d,r)",div,d+r,iqr,range,1,identity,bcc01ce7ace0,True,f010786,True,2.78041232712953,True
"sn_i_bond|div(d,r)|within=iqr|across=site_cv",A,sn_i_bond,"div(d,r)",div,d+r,iqr,site_cv,1,identity,767072175b1c,True,f010787,True,0.730322315205312,True
"sn_i_bond|div(d,r)|within=min|across=mean",A,sn_i_bond,"div(d,r)",div,d+r,min,mean,1,identity,4ba204b14f09,True,f010788,True,0.698928506026598,True
"sn_i_bond|div(d,r)|within=min|across=median",A,sn_i_bond,"div(d,r)",div,d+r,min,median,1,identity,b171679b4046,True,f010789,True,0.703571450350859,True
"sn_i_bond|div(d,r)|within=min|across=max",A,sn_i_bond,"div(d,r)",div,d+r,min,max,1,identity,7fd287659995,True,f010790,True,1.27362575480798,True
"sn_i_bond|div(d,r)|within=min|across=range",A,sn_i_bond,"div(d,r)",div,d+r,min,range,1,identity,936a0974c139,True,f010791,True,1.48098913233705,True
"sn_i_bond|div(d,r)|within=min|across=site_cv",A,sn_i_bond,"div(d,r)",div,d+r,min,site_cv,1,identity,9d72a684bb02,True,f010792,True,1.55316467527962,True
"sn_i_bond|div(d,r)|within=max|across=mean",A,sn_i_bond,"div(d,r)",div,d+r,max,mean,1,identity,36410ad49f21,True,f010793,True,1.12966178089196,True
"sn_i_bond|div(d,r)|within=max|across=median",A,sn_i_bond,"div(d,r)",div,d+r,max,median,1,identity,5208dd1513ba,True,f010794,True,1.1295957042123,True
"sn_i_bond|div(d,r)|within=max|across=max",A,sn_i_bond,"div(d,r)",div,d+r,max,max,1,identity,2240fe129cf4,True,f010795,True,0.900354490017054,True
"sn_i_bond|div(d,r)|within=max|across=range",A,sn_i_bond,"div(d,r)",div,d+r,max,range,1,identity,210455d11cbe,True,f010796,True,1.42779091255264,True
"sn_i_bond|div(d,r)|within=max|across=site_cv",A,sn_i_bond,"div(d,r)",div,d+r,max,site_cv,1,identity,a66d85c367b6,True,f010797,True,1.40210559888837,True
"sn_i_bond|div(d,r)|within=top2_deviation|across=mean",A,sn_i_bond,"div(d,r)",div,d+r,top2_deviation,mean,1,identity,83f13f2136c7,True,f010798,True,0.995226795094344,True
"sn_i_bond|div(d,r)|within=top2_deviation|across=median",A,sn_i_bond,"div(d,r)",div,d+r,top2_deviation,median,1,identity,624e887b5cbe,True,f010799,True,0.995446560681034,True
"sn_i_bond|div(d,r)|within=top2_deviation|across=max",A,sn_i_bond,"div(d,r)",div,d+r,top2_deviation,max,1,identity,15562233bad9,True,f010800,True,0.813299528651379,True
"sn_i_bond|div(d,r)|within=top2_deviation|across=range",A,sn_i_bond,"div(d,r)",div,d+r,top2_deviation,range,1,identity,6b47cb46d22e,True,f010801,True,1.41883364416544,True
"sn_i_bond|div(d,r)|within=top2_deviation|across=site_cv",A,sn_i_bond,"div(d,r)",div,d+r,top2_deviation,site_cv,1,identity,0d492c7d2041,True,f010802,True,0.865946170245518,True
"sn_i_bond|div(r,d)|within=mean|across=mean",A,sn_i_bond,"div(r,d)",div_reverse,d+r,mean,mean,1,identity,c8f4b2eec3e9,True,f010803,True,4.40172820803236,True
"sn_i_bond|div(r,d)|within=mean|across=median",A,sn_i_bond,"div(r,d)",div_reverse,d+r,mean,median,1,identity,17ad9093cd07,True,f010804,True,4.40318822344029,True
"sn_i_bond|div(r,d)|within=mean|across=max",A,sn_i_bond,"div(r,d)",div_reverse,d+r,mean,max,1,identity,2dce5ce6057b,True,f010805,True,4.84761649946428,True
"sn_i_bond|div(r,d)|within=sd|across=mean",A,sn_i_bond,"div(r,d)",div_reverse,d+r,sd,mean,1,identity,8fa5a9707fc4,True,f010808,True,0.981993806164851,True
"sn_i_bond|div(r,d)|within=sd|across=median",A,sn_i_bond,"div(r,d)",div_reverse,d+r,sd,median,1,identity,1309050822bd,True,f010809,True,0.978457075080466,True
"sn_i_bond|div(r,d)|within=sd|across=max",A,sn_i_bond,"div(r,d)",div_reverse,d+r,sd,max,1,identity,fd6cd7c49824,True,f010810,True,0.748210598284403,True
"sn_i_bond|div(r,d)|within=sd|across=range",A,sn_i_bond,"div(r,d)",div_reverse,d+r,sd,range,1,identity,db8fa6bf801e,True,f010811,True,1.16496269007787,True
"sn_i_bond|div(r,d)|within=sd|across=site_cv",A,sn_i_bond,"div(r,d)",div_reverse,d+r,sd,site_cv,1,identity,a8b552a53a82,True,f010812,True,0.619606232984083,True
"sn_i_bond|div(r,d)|within=cv|across=mean",A,sn_i_bond,"div(r,d)",div_reverse,d+r,cv,mean,1,identity,16f8226e28e7,True,f010813,True,0.970301670569226,True
"sn_i_bond|div(r,d)|within=cv|across=median",A,sn_i_bond,"div(r,d)",div_reverse,d+r,cv,median,1,identity,64805eba77c4,True,f010814,True,0.967350008842898,True
"sn_i_bond|div(r,d)|within=cv|across=max",A,sn_i_bond,"div(r,d)",div_reverse,d+r,cv,max,1,identity,6097922d7966,True,f010815,True,0.72568205515797,True
"sn_i_bond|div(r,d)|within=cv|across=range",A,sn_i_bond,"div(r,d)",div_reverse,d+r,cv,range,1,identity,426e61251a3a,True,f010816,True,1.16990267687063,True
"sn_i_bond|div(r,d)|within=cv|across=site_cv",A,sn_i_bond,"div(r,d)",div_reverse,d+r,cv,site_cv,1,identity,6baf677ca77a,True,f010817,True,0.61814779793866,True
"sn_i_bond|div(r,d)|within=normalized_range|across=mean",A,sn_i_bond,"div(r,d)",div_reverse,d+r,normalized_range,mean,1,identity,7d6d873797d6,True,f010818,True,0.99906981101476,True
"sn_i_bond|div(r,d)|within=normalized_range|across=median",A,sn_i_bond,"div(r,d)",div_reverse,d+r,normalized_range,median,1,identity,eece80d59c57,True,f010819,True,0.999323487860802,True
"sn_i_bond|div(r,d)|within=normalized_range|across=max",A,sn_i_bond,"div(r,d)",div_reverse,d+r,normalized_range,max,1,identity,efd9933bd5d1,True,f010820,True,0.809158354138942,True
"sn_i_bond|div(r,d)|within=normalized_range|across=range",A,sn_i_bond,"div(r,d)",div_reverse,d+r,normalized_range,range,1,identity,ccb0b5db6174,True,f010821,True,1.09372954057669,True
"sn_i_bond|div(r,d)|within=normalized_range|across=site_cv",A,sn_i_bond,"div(r,d)",div_reverse,d+r,normalized_range,site_cv,1,identity,f225e7295acd,True,f010822,True,0.740963909257372,True
"sn_i_bond|div(r,d)|within=mad|across=mean",A,sn_i_bond,"div(r,d)",div_reverse,d+r,mad,mean,1,identity,8df8016eddb2,True,f010823,True,4.05973881285871,True
"sn_i_bond|div(r,d)|within=mad|across=median",A,sn_i_bond,"div(r,d)",div_reverse,d+r,mad,median,1,identity,5d87726676a4,True,f010824,True,4.06888307828946,True
"sn_i_bond|div(r,d)|within=mad|across=max",A,sn_i_bond,"div(r,d)",div_reverse,d+r,mad,max,1,identity,68b8d088cff8,True,f010825,True,2.33769155861942,True
"sn_i_bond|div(r,d)|within=mad|across=range",A,sn_i_bond,"div(r,d)",div_reverse,d+r,mad,range,1,identity,9383aebe6fe1,True,f010826,True,2.6075316688438,True
"sn_i_bond|div(r,d)|within=mad|across=site_cv",A,sn_i_bond,"div(r,d)",div_reverse,d+r,mad,site_cv,1,identity,9205276abf5f,True,f010827,True,4.41663841442163,True
"sn_i_bond|div(r,d)|within=iqr|across=mean",A,sn_i_bond,"div(r,d)",div_reverse,d+r,iqr,mean,1,identity,3ccf47697b8f,True,f010828,True,2.69305383669437,True
"sn_i_bond|div(r,d)|within=iqr|across=median",A,sn_i_bond,"div(r,d)",div_reverse,d+r,iqr,median,1,identity,adac003a9ffb,True,f010829,True,2.68984125226234,True
"sn_i_bond|div(r,d)|within=iqr|across=max",A,sn_i_bond,"div(r,d)",div_reverse,d+r,iqr,max,1,identity,0ab91d69e0b3,True,f010830,True,2.75540812281124,True
"sn_i_bond|div(r,d)|within=iqr|across=range",A,sn_i_bond,"div(r,d)",div_reverse,d+r,iqr,range,1,identity,f31fb09eed69,True,f010831,True,2.80565411557733,True
"sn_i_bond|div(r,d)|within=iqr|across=site_cv",A,sn_i_bond,"div(r,d)",div_reverse,d+r,iqr,site_cv,1,identity,d6690b54a553,True,f010832,True,0.719785066005993,True
"sn_i_bond|div(r,d)|within=min|across=mean",A,sn_i_bond,"div(r,d)",div_reverse,d+r,min,mean,1,identity,99b95e278cd2,True,f010833,True,1.13685751095522,True
"sn_i_bond|div(r,d)|within=min|across=median",A,sn_i_bond,"div(r,d)",div_reverse,d+r,min,median,1,identity,9f72927b3eef,True,f010834,True,1.13679268460848,True
"sn_i_bond|div(r,d)|within=min|across=max",A,sn_i_bond,"div(r,d)",div_reverse,d+r,min,max,1,identity,8152eeb781d1,True,f010835,True,1.35260901565844,True
"sn_i_bond|div(r,d)|within=min|across=range",A,sn_i_bond,"div(r,d)",div_reverse,d+r,min,range,1,identity,e01074658723,True,f010836,True,1.39480119540275,True
"sn_i_bond|div(r,d)|within=min|across=site_cv",A,sn_i_bond,"div(r,d)",div_reverse,d+r,min,site_cv,1,identity,63a069c9f6cb,True,f010837,True,1.40206708676986,True
"sn_i_bond|div(r,d)|within=max|across=mean",A,sn_i_bond,"div(r,d)",div_reverse,d+r,max,mean,1,identity,9f7fc66026f5,True,f010838,True,0.702614633247997,True
"sn_i_bond|div(r,d)|within=max|across=median",A,sn_i_bond,"div(r,d)",div_reverse,d+r,max,median,1,identity,4aaa310cf66c,True,f010839,True,0.707350491426037,True
"sn_i_bond|div(r,d)|within=max|across=max",A,sn_i_bond,"div(r,d)",div_reverse,d+r,max,max,1,identity,dea59a3bf739,True,f010840,True,0.7671570549523,True
"sn_i_bond|div(r,d)|within=max|across=range",A,sn_i_bond,"div(r,d)",div_reverse,d+r,max,range,1,identity,cb352fb8c2d7,True,f010841,True,1.49053133794614,True
"sn_i_bond|div(r,d)|within=max|across=site_cv",A,sn_i_bond,"div(r,d)",div_reverse,d+r,max,site_cv,1,identity,69091509f230,True,f010842,True,1.55312820414375,True
"sn_i_bond|div(r,d)|within=top2_deviation|across=mean",A,sn_i_bond,"div(r,d)",div_reverse,d+r,top2_deviation,mean,1,identity,53ccdd8605ef,True,f010843,True,0.988630234795372,True
"sn_i_bond|div(r,d)|within=top2_deviation|across=median",A,sn_i_bond,"div(r,d)",div_reverse,d+r,top2_deviation,median,1,identity,a9296ed641d4,True,f010844,True,0.988887288274214,True
"sn_i_bond|div(r,d)|within=top2_deviation|across=max",A,sn_i_bond,"div(r,d)",div_reverse,d+r,top2_deviation,max,1,identity,1df5d823033b,True,f010845,True,0.812533352606464,True
"sn_i_bond|div(r,d)|within=top2_deviation|across=range",A,sn_i_bond,"div(r,d)",div_reverse,d+r,top2_deviation,range,1,identity,1366b100b855,True,f010846,True,1.35650921962909,True
"sn_i_bond|div(r,d)|within=top2_deviation|across=site_cv",A,sn_i_bond,"div(r,d)",div_reverse,d+r,top2_deviation,site_cv,1,identity,5cd7d189d120,True,f010847,True,0.856911509382283,True
"sn_i_bond|mult(h,r)|within=sd|across=site_cv",A,sn_i_bond,"mult(h,r)",mult,h+r,sd,site_cv,1,identity,dcf1f103b152,True,f013305,True,1.19123815644058,True
"sn_i_bond|mult(h,r)|within=cv|across=mean",A,sn_i_bond,"mult(h,r)",mult,h+r,cv,mean,1,identity,173cc2b8188e,True,f013306,True,1.08072722541884,True
"sn_i_bond|mult(h,r)|within=cv|across=median",A,sn_i_bond,"mult(h,r)",mult,h+r,cv,median,1,identity,259ff259c500,True,f013307,True,1.07597652579145,True
"sn_i_bond|mult(h,r)|within=cv|across=max",A,sn_i_bond,"mult(h,r)",mult,h+r,cv,max,1,identity,a69fb6bb5521,True,f013308,True,1.94230936640214,True
"sn_i_bond|mult(h,r)|within=cv|across=range",A,sn_i_bond,"mult(h,r)",mult,h+r,cv,range,1,identity,3d9fe95e2337,True,f013309,True,3.22038605022048,True
"sn_i_bond|mult(h,r)|within=cv|across=site_cv",A,sn_i_bond,"mult(h,r)",mult,h+r,cv,site_cv,1,identity,501d497fa37e,True,f013310,True,1.24150878085029,True
"sn_i_bond|mult(h,r)|within=normalized_range|across=mean",A,sn_i_bond,"mult(h,r)",mult,h+r,normalized_range,mean,1,identity,8eecc6e2b37f,True,f013311,True,1.37104912769698,True
"sn_i_bond|mult(h,r)|within=normalized_range|across=median",A,sn_i_bond,"mult(h,r)",mult,h+r,normalized_range,median,1,identity,61cd38c884ea,True,f013312,True,1.37103441200877,True
"sn_i_bond|mult(h,r)|within=normalized_range|across=max",A,sn_i_bond,"mult(h,r)",mult,h+r,normalized_range,max,1,identity,96a1c6623c3f,True,f013313,True,1.22318374229777,True
"sn_i_bond|mult(h,r)|within=normalized_range|across=range",A,sn_i_bond,"mult(h,r)",mult,h+r,normalized_range,range,1,identity,25125946f39f,True,f013314,True,1.37656664412382,True
"sn_i_bond|mult(h,r)|within=normalized_range|across=site_cv",A,sn_i_bond,"mult(h,r)",mult,h+r,normalized_range,site_cv,1,identity,be6039ff697e,True,f013315,True,0.506236566235452,True
"sn_i_bond|mult(h,r)|within=iqr|across=site_cv",A,sn_i_bond,"mult(h,r)",mult,h+r,iqr,site_cv,1,identity,bf6c65274172,True,f013325,True,4.40255004422064,True
"sn_i_bond|mult(h,r)|within=max|across=site_cv",A,sn_i_bond,"mult(h,r)",mult,h+r,max,site_cv,1,identity,ce4b93d562ad,True,f013335,True,2.8965724373296,True
"sn_i_bond|mult(h,r)|within=top2_deviation|across=site_cv",A,sn_i_bond,"mult(h,r)",mult,h+r,top2_deviation,site_cv,1,identity,d48ecccecf0e,True,f013340,True,0.464135958268478,True
"sn_i_bond|div(h,r)|within=sd|across=site_cv",A,sn_i_bond,"div(h,r)",div,h+r,sd,site_cv,1,identity,05ab28023cdb,True,f013350,True,4.06736950877919,True
"sn_i_bond|div(h,r)|within=cv|across=mean",A,sn_i_bond,"div(h,r)",div,h+r,cv,mean,1,identity,8b10b7eee105,True,f013351,True,1.82320226757659,True
"sn_i_bond|div(h,r)|within=cv|across=median",A,sn_i_bond,"div(h,r)",div,h+r,cv,median,1,identity,af441602e4ed,True,f013352,True,1.82290849072,True
"sn_i_bond|div(h,r)|within=cv|across=max",A,sn_i_bond,"div(h,r)",div,h+r,cv,max,1,identity,13f721c395de,True,f013353,True,1.80052427361566,True
"sn_i_bond|div(h,r)|within=cv|across=site_cv",A,sn_i_bond,"div(h,r)",div,h+r,cv,site_cv,1,identity,485f73b52479,True,f013355,True,4.09054549257347,True
"sn_i_bond|div(h,r)|within=normalized_range|across=mean",A,sn_i_bond,"div(h,r)",div,h+r,normalized_range,mean,1,identity,93407a403be8,True,f013356,True,3.82840568768447,True
"sn_i_bond|div(h,r)|within=normalized_range|across=median",A,sn_i_bond,"div(h,r)",div,h+r,normalized_range,median,1,identity,231832a3694e,True,f013357,True,3.82864409711704,True
"sn_i_bond|div(h,r)|within=normalized_range|across=max",A,sn_i_bond,"div(h,r)",div,h+r,normalized_range,max,1,identity,a367075e6513,True,f013358,True,3.51294408504753,True
"sn_i_bond|div(h,r)|within=normalized_range|across=site_cv",A,sn_i_bond,"div(h,r)",div,h+r,normalized_range,site_cv,1,identity,059dbf2e3733,True,f013360,True,3.77335261020594,True
"sn_i_bond|div(h,r)|within=mad|across=site_cv",A,sn_i_bond,"div(h,r)",div,h+r,mad,site_cv,1,identity,f2ed511196c8,True,f013365,True,3.06920257256959,True
"sn_i_bond|div(h,r)|within=iqr|across=site_cv",A,sn_i_bond,"div(h,r)",div,h+r,iqr,site_cv,1,identity,97ecee4b198f,True,f013370,True,3.29302336434099,True
"sn_i_bond|div(h,r)|within=top2_deviation|across=site_cv",A,sn_i_bond,"div(h,r)",div,h+r,top2_deviation,site_cv,1,identity,4c46dc88c861,True,f013385,True,3.75122162193026,True
"sn_i_bond|div(r,h)|within=sd|across=site_cv",A,sn_i_bond,"div(r,h)",div_reverse,h+r,sd,site_cv,1,identity,fb85d9a754f4,True,f013395,True,4.16943742993043,True
"sn_i_bond|div(r,h)|within=cv|across=mean",A,sn_i_bond,"div(r,h)",div_reverse,h+r,cv,mean,1,identity,dc8a0044d42f,True,f013396,True,2.04746139545606,True
"sn_i_bond|div(r,h)|within=cv|across=median",A,sn_i_bond,"div(r,h)",div_reverse,h+r,cv,median,1,identity,21b277ae6934,True,f013397,True,2.04711610221388,True
"sn_i_bond|div(r,h)|within=cv|across=max",A,sn_i_bond,"div(r,h)",div_reverse,h+r,cv,max,1,identity,4615dfd4502d,True,f013398,True,2.01053210547413,True
"sn_i_bond|div(r,h)|within=cv|across=site_cv",A,sn_i_bond,"div(r,h)",div_reverse,h+r,cv,site_cv,1,identity,adbfbdb4f4fa,True,f013400,True,4.13811151583482,True
"sn_i_bond|div(r,h)|within=normalized_range|across=mean",A,sn_i_bond,"div(r,h)",div_reverse,h+r,normalized_range,mean,1,identity,08f74376b035,True,f013401,True,4.0564571645111,True
"sn_i_bond|div(r,h)|within=normalized_range|across=median",A,sn_i_bond,"div(r,h)",div_reverse,h+r,normalized_range,median,1,identity,1a47eadb58fd,True,f013402,True,4.0567737376787,True
"sn_i_bond|div(r,h)|within=normalized_range|across=max",A,sn_i_bond,"div(r,h)",div_reverse,h+r,normalized_range,max,1,identity,df774ebec1f7,True,f013403,True,3.73772217844076,True
"sn_i_bond|div(r,h)|within=normalized_range|across=site_cv",A,sn_i_bond,"div(r,h)",div_reverse,h+r,normalized_range,site_cv,1,identity,544d9238ebe1,True,f013405,True,3.70114575431784,True
"sn_i_bond|div(r,h)|within=mad|across=site_cv",A,sn_i_bond,"div(r,h)",div_reverse,h+r,mad,site_cv,1,identity,da06b0280485,True,f013410,True,4.62434813322941,True
"sn_i_bond|div(r,h)|within=iqr|across=site_cv",A,sn_i_bond,"div(r,h)",div_reverse,h+r,iqr,site_cv,1,identity,4645092877d5,True,f013415,True,2.72699960900068,True
"sn_i_bond|div(r,h)|within=top2_deviation|across=site_cv",A,sn_i_bond,"div(r,h)",div_reverse,h+r,top2_deviation,site_cv,1,identity,a54c26f19285,True,f013430,True,3.73090087578305,True
outer=sq|sn_i_bond|d|within=mean|across=site_cv,A,sn_i_bond,d,identity,d,mean,site_cv,1,sq,c69bcbf825ec,True,f021172,True,0,True
outer=sqrt|sn_i_bond|d|within=mean|across=site_cv,A,sn_i_bond,d,identity,d,mean,site_cv,1,sqrt,526dc2c3a762,True,f021173,True,0,True
outer=sq|sn_i_bond|d|within=sd|across=site_cv,A,sn_i_bond,d,identity,d,sd,site_cv,1,sq,5af87e4f5ccc,True,f021185,True,0,True
outer=sqrt|sn_i_bond|d|within=sd|across=site_cv,A,sn_i_bond,d,identity,d,sd,site_cv,1,sqrt,33c3142db162,True,f021186,True,0,True
outer=sq|sn_i_bond|d|within=cv|across=mean,A,sn_i_bond,d,identity,d,cv,mean,1,sq,bb4dc9665b8a,True,f021187,True,0,True
outer=sqrt|sn_i_bond|d|within=cv|across=mean,A,sn_i_bond,d,identity,d,cv,mean,1,sqrt,bcc5852663dd,True,f021188,True,0,True
outer=inv|sn_i_bond|d|within=cv|across=mean,A,sn_i_bond,d,identity,d,cv,mean,1,inv,46e95c4fed5f,True,f021189,True,0,True
outer=sq|sn_i_bond|d|within=cv|across=median,A,sn_i_bond,d,identity,d,cv,median,1,sq,546f30408c13,True,f021190,True,0,True
outer=sqrt|sn_i_bond|d|within=cv|across=median,A,sn_i_bond,d,identity,d,cv,median,1,sqrt,320cb4d919ca,True,f021191,True,0,True
outer=inv|sn_i_bond|d|within=cv|across=median,A,sn_i_bond,d,identity,d,cv,median,1,inv,a4e28ffd4adb,True,f021192,True,0,True
outer=sq|sn_i_bond|d|within=cv|across=max,A,sn_i_bond,d,identity,d,cv,max,1,sq,23708379f5c8,True,f021193,True,0,True
outer=sqrt|sn_i_bond|d|within=cv|across=max,A,sn_i_bond,d,identity,d,cv,max,1,sqrt,21f5c286a3ea,True,f021194,True,0,True
outer=inv|sn_i_bond|d|within=cv|across=max,A,sn_i_bond,d,identity,d,cv,max,1,inv,651f572d6131,True,f021195,True,0,True
outer=sq|sn_i_bond|d|within=cv|across=range,A,sn_i_bond,d,identity,d,cv,range,1,sq,731f3907ee09,True,f021196,True,0,True
outer=sqrt|sn_i_bond|d|within=cv|across=range,A,sn_i_bond,d,identity,d,cv,range,1,sqrt,85b89c36e42e,True,f021197,True,0,True
outer=sq|sn_i_bond|d|within=cv|across=site_cv,A,sn_i_bond,d,identity,d,cv,site_cv,1,sq,a7cfad48aa23,True,f021198,True,0,True
outer=sqrt|sn_i_bond|d|within=cv|across=site_cv,A,sn_i_bond,d,identity,d,cv,site_cv,1,sqrt,0d61292d1c1b,True,f021199,True,0,True
outer=sq|sn_i_bond|d|within=normalized_range|across=mean,A,sn_i_bond,d,identity,d,normalized_range,mean,1,sq,8b11285388d2,True,f021200,True,0,True
outer=sqrt|sn_i_bond|d|within=normalized_range|across=mean,A,sn_i_bond,d,identity,d,normalized_range,mean,1,sqrt,828707511b49,True,f021201,True,0,True
outer=inv|sn_i_bond|d|within=normalized_range|across=mean,A,sn_i_bond,d,identity,d,normalized_range,mean,1,inv,bfac30a9143d,True,f021202,True,0,True
outer=sq|sn_i_bond|d|within=normalized_range|across=median,A,sn_i_bond,d,identity,d,normalized_range,median,1,sq,0048351d33a8,True,f021203,True,0,True
outer=sqrt|sn_i_bond|d|within=normalized_range|across=median,A,sn_i_bond,d,identity,d,normalized_range,median,1,sqrt,3db2d2795a86,True,f021204,True,0,True
outer=inv|sn_i_bond|d|within=normalized_range|across=median,A,sn_i_bond,d,identity,d,normalized_range,median,1,inv,321bf00b7a30,True,f021205,True,0,True
outer=sq|sn_i_bond|d|within=normalized_range|across=max,A,sn_i_bond,d,identity,d,normalized_range,max,1,sq,d65d79ffdc05,True,f021206,True,0,True
outer=sqrt|sn_i_bond|d|within=normalized_range|across=max,A,sn_i_bond,d,identity,d,normalized_range,max,1,sqrt,e5639e54c120,True,f021207,True,0,True
outer=inv|sn_i_bond|d|within=normalized_range|across=max,A,sn_i_bond,d,identity,d,normalized_range,max,1,inv,c7d4580c3e9e,True,f021208,True,0,True
outer=sq|sn_i_bond|d|within=normalized_range|across=range,A,sn_i_bond,d,identity,d,normalized_range,range,1,sq,ed329253a669,True,f021209,True,0,True
outer=sqrt|sn_i_bond|d|within=normalized_range|across=range,A,sn_i_bond,d,identity,d,normalized_range,range,1,sqrt,fa4471217fd9,True,f021210,True,0,True
outer=sq|sn_i_bond|d|within=normalized_range|across=site_cv,A,sn_i_bond,d,identity,d,normalized_range,site_cv,1,sq,eade0c838324,True,f021211,True,0,True
outer=sqrt|sn_i_bond|d|within=normalized_range|across=site_cv,A,sn_i_bond,d,identity,d,normalized_range,site_cv,1,sqrt,b8348debf7bf,True,f021212,True,0,True
outer=sq|sn_i_bond|d|within=mad|across=site_cv,A,sn_i_bond,d,identity,d,mad,site_cv,1,sq,c3f876716523,True,f021224,True,0,True
outer=sqrt|sn_i_bond|d|within=mad|across=site_cv,A,sn_i_bond,d,identity,d,mad,site_cv,1,sqrt,cf9947ae9d15,True,f021225,True,0,True
outer=sq|sn_i_bond|d|within=iqr|across=site_cv,A,sn_i_bond,d,identity,d,iqr,site_cv,1,sq,c1e1fec5d454,True,f021237,True,0,True
outer=sqrt|sn_i_bond|d|within=iqr|across=site_cv,A,sn_i_bond,d,identity,d,iqr,site_cv,1,sqrt,030ede4472ed,True,f021238,True,0,True
outer=sq|sn_i_bond|d|within=min|across=site_cv,A,sn_i_bond,d,identity,d,min,site_cv,1,sq,b7f049709b41,True,f021248,True,0,True
outer=sqrt|sn_i_bond|d|within=min|across=site_cv,A,sn_i_bond,d,identity,d,min,site_cv,1,sqrt,e65223112295,True,f021249,True,0,True
outer=sq|sn_i_bond|d|within=max|across=site_cv,A,sn_i_bond,d,identity,d,max,site_cv,1,sq,ccf7fb86b48a,True,f021259,True,0,True
outer=sqrt|sn_i_bond|d|within=max|across=site_cv,A,sn_i_bond,d,identity,d,max,site_cv,1,sqrt,a0184bc3b789,True,f021260,True,0,True
outer=sq|sn_i_bond|d|within=top2_deviation|across=site_cv,A,sn_i_bond,d,identity,d,top2_deviation,site_cv,1,sq,76bec98e48bf,True,f021272,True,0,True
outer=sqrt|sn_i_bond|d|within=top2_deviation|across=site_cv,A,sn_i_bond,d,identity,d,top2_deviation,site_cv,1,sqrt,9e67315840e6,True,f021273,True,0,True
outer=sq|sn_i_bond|inv(d)|within=mean|across=site_cv,A,sn_i_bond,inv(d),inv,d,mean,site_cv,1,sq,ceaa18ff762a,True,f021285,True,0,True
outer=sqrt|sn_i_bond|inv(d)|within=mean|across=site_cv,A,sn_i_bond,inv(d),inv,d,mean,site_cv,1,sqrt,4842c524e083,True,f021286,True,0,True
outer=sq|sn_i_bond|inv(d)|within=sd|across=site_cv,A,sn_i_bond,inv(d),inv,d,sd,site_cv,1,sq,44bedcac94b0,True,f021298,True,0,True
outer=sqrt|sn_i_bond|inv(d)|within=sd|across=site_cv,A,sn_i_bond,inv(d),inv,d,sd,site_cv,1,sqrt,888209d8484b,True,f021299,True,0,True
outer=sq|sn_i_bond|inv(d)|within=cv|across=mean,A,sn_i_bond,inv(d),inv,d,cv,mean,1,sq,2ad752132683,True,f021300,True,0,True
outer=sqrt|sn_i_bond|inv(d)|within=cv|across=mean,A,sn_i_bond,inv(d),inv,d,cv,mean,1,sqrt,f832cf9408df,True,f021301,True,0,True
outer=inv|sn_i_bond|inv(d)|within=cv|across=mean,A,sn_i_bond,inv(d),inv,d,cv,mean,1,inv,99ccaf1cae55,True,f021302,True,0,True
outer=sq|sn_i_bond|inv(d)|within=cv|across=median,A,sn_i_bond,inv(d),inv,d,cv,median,1,sq,26daead3089b,True,f021303,True,0,True
outer=sqrt|sn_i_bond|inv(d)|within=cv|across=median,A,sn_i_bond,inv(d),inv,d,cv,median,1,sqrt,87cdf343bc4a,True,f021304,True,0,True
outer=inv|sn_i_bond|inv(d)|within=cv|across=median,A,sn_i_bond,inv(d),inv,d,cv,median,1,inv,9678bfcff338,True,f021305,True,0,True
outer=sq|sn_i_bond|inv(d)|within=cv|across=max,A,sn_i_bond,inv(d),inv,d,cv,max,1,sq,c3c1d0bfe359,True,f021306,True,0,True
outer=sqrt|sn_i_bond|inv(d)|within=cv|across=max,A,sn_i_bond,inv(d),inv,d,cv,max,1,sqrt,356b6fd9dc3a,True,f021307,True,0,True
outer=inv|sn_i_bond|inv(d)|within=cv|across=max,A,sn_i_bond,inv(d),inv,d,cv,max,1,inv,6d311a697936,True,f021308,True,0,True
outer=sq|sn_i_bond|inv(d)|within=cv|across=range,A,sn_i_bond,inv(d),inv,d,cv,range,1,sq,40f1a35a96e5,True,f021309,True,0,True
outer=sqrt|sn_i_bond|inv(d)|within=cv|across=range,A,sn_i_bond,inv(d),inv,d,cv,range,1,sqrt,b848daf0b91f,True,f021310,True,0,True
outer=sq|sn_i_bond|inv(d)|within=cv|across=site_cv,A,sn_i_bond,inv(d),inv,d,cv,site_cv,1,sq,4c294d4ea2c6,True,f021311,True,0,True
outer=sqrt|sn_i_bond|inv(d)|within=cv|across=site_cv,A,sn_i_bond,inv(d),inv,d,cv,site_cv,1,sqrt,7f8cc7948885,True,f021312,True,0,True
outer=sq|sn_i_bond|inv(d)|within=normalized_range|across=mean,A,sn_i_bond,inv(d),inv,d,normalized_range,mean,1,sq,a78affc9f089,True,f021313,True,0,True
outer=sqrt|sn_i_bond|inv(d)|within=normalized_range|across=mean,A,sn_i_bond,inv(d),inv,d,normalized_range,mean,1,sqrt,ae40eb5419f2,True,f021314,True,0,True
outer=inv|sn_i_bond|inv(d)|within=normalized_range|across=mean,A,sn_i_bond,inv(d),inv,d,normalized_range,mean,1,inv,d0595099aa19,True,f021315,True,0,True
outer=sq|sn_i_bond|inv(d)|within=normalized_range|across=median,A,sn_i_bond,inv(d),inv,d,normalized_range,median,1,sq,37f24bb8fca3,True,f021316,True,0,True
outer=sqrt|sn_i_bond|inv(d)|within=normalized_range|across=median,A,sn_i_bond,inv(d),inv,d,normalized_range,median,1,sqrt,d314ba7a94e5,True,f021317,True,0,True
outer=inv|sn_i_bond|inv(d)|within=normalized_range|across=median,A,sn_i_bond,inv(d),inv,d,normalized_range,median,1,inv,4df8a1c45ed4,True,f021318,True,0,True
outer=sq|sn_i_bond|inv(d)|within=normalized_range|across=max,A,sn_i_bond,inv(d),inv,d,normalized_range,max,1,sq,077b5c46f65c,True,f021319,True,0,True
outer=sqrt|sn_i_bond|inv(d)|within=normalized_range|across=max,A,sn_i_bond,inv(d),inv,d,normalized_range,max,1,sqrt,d5faed27c4b6,True,f021320,True,0,True
outer=inv|sn_i_bond|inv(d)|within=normalized_range|across=max,A,sn_i_bond,inv(d),inv,d,normalized_range,max,1,inv,eb0ac88ed530,True,f021321,True,0,True
outer=sq|sn_i_bond|inv(d)|within=normalized_range|across=range,A,sn_i_bond,inv(d),inv,d,normalized_range,range,1,sq,1ddc5edfd278,True,f021322,True,0,True
outer=sqrt|sn_i_bond|inv(d)|within=normalized_range|across=range,A,sn_i_bond,inv(d),inv,d,normalized_range,range,1,sqrt,92cf663275e3,True,f021323,True,0,True
outer=sq|sn_i_bond|inv(d)|within=normalized_range|across=site_cv,A,sn_i_bond,inv(d),inv,d,normalized_range,site_cv,1,sq,23aa7a95978c,True,f021324,True,0,True
outer=sqrt|sn_i_bond|inv(d)|within=normalized_range|across=site_cv,A,sn_i_bond,inv(d),inv,d,normalized_range,site_cv,1,sqrt,b164a6c0b56b,True,f021325,True,0,True
outer=sq|sn_i_bond|inv(d)|within=mad|across=site_cv,A,sn_i_bond,inv(d),inv,d,mad,site_cv,1,sq,e174dd9b2b53,True,f021337,True,0,True
outer=sqrt|sn_i_bond|inv(d)|within=mad|across=site_cv,A,sn_i_bond,inv(d),inv,d,mad,site_cv,1,sqrt,fd69af1bc40b,True,f021338,True,0,True
outer=sq|sn_i_bond|inv(d)|within=iqr|across=site_cv,A,sn_i_bond,inv(d),inv,d,iqr,site_cv,1,sq,6a69e128d201,True,f021350,True,0,True
outer=sqrt|sn_i_bond|inv(d)|within=iqr|across=site_cv,A,sn_i_bond,inv(d),inv,d,iqr,site_cv,1,sqrt,7a69207ded3f,True,f021351,True,0,True
outer=sq|sn_i_bond|inv(d)|within=min|across=site_cv,A,sn_i_bond,inv(d),inv,d,min,site_cv,1,sq,719ce28f5f86,True,f021363,True,0,True
outer=sqrt|sn_i_bond|inv(d)|within=min|across=site_cv,A,sn_i_bond,inv(d),inv,d,min,site_cv,1,sqrt,3469131002c1,True,f021364,True,0,True
outer=sq|sn_i_bond|inv(d)|within=max|across=site_cv,A,sn_i_bond,inv(d),inv,d,max,site_cv,1,sq,ca2ac8aa67df,True,f021376,True,0,True
outer=sqrt|sn_i_bond|inv(d)|within=max|across=site_cv,A,sn_i_bond,inv(d),inv,d,max,site_cv,1,sqrt,b6395cbc5518,True,f021377,True,0,True
outer=sq|sn_i_bond|inv(d)|within=top2_deviation|across=site_cv,A,sn_i_bond,inv(d),inv,d,top2_deviation,site_cv,1,sq,d101e580fc23,True,f021389,True,0,True
outer=sqrt|sn_i_bond|inv(d)|within=top2_deviation|across=site_cv,A,sn_i_bond,inv(d),inv,d,top2_deviation,site_cv,1,sqrt,f7ddc4727f3d,True,f021390,True,0,True
outer=sq|sn_i_bond|sq(d)|within=mean|across=site_cv,A,sn_i_bond,sq(d),sq,d,mean,site_cv,1,sq,88aebd605ba0,True,f021402,True,0,True
outer=sqrt|sn_i_bond|sq(d)|within=mean|across=site_cv,A,sn_i_bond,sq(d),sq,d,mean,site_cv,1,sqrt,c83f25af0241,True,f021403,True,0,True
outer=sq|sn_i_bond|sq(d)|within=sd|across=site_cv,A,sn_i_bond,sq(d),sq,d,sd,site_cv,1,sq,1c9fdae6e595,True,f021415,True,0,True
outer=sqrt|sn_i_bond|sq(d)|within=sd|across=site_cv,A,sn_i_bond,sq(d),sq,d,sd,site_cv,1,sqrt,9e73baaeec1d,True,f021416,True,0,True
outer=sq|sn_i_bond|sq(d)|within=cv|across=mean,A,sn_i_bond,sq(d),sq,d,cv,mean,1,sq,31fe0490cc97,True,f021417,True,0,True
outer=sqrt|sn_i_bond|sq(d)|within=cv|across=mean,A,sn_i_bond,sq(d),sq,d,cv,mean,1,sqrt,b19d07c2be0d,True,f021418,True,0,True
outer=inv|sn_i_bond|sq(d)|within=cv|across=mean,A,sn_i_bond,sq(d),sq,d,cv,mean,1,inv,5eb8aaf363d9,True,f021419,True,0,True
outer=sq|sn_i_bond|sq(d)|within=cv|across=median,A,sn_i_bond,sq(d),sq,d,cv,median,1,sq,09d003394bbd,True,f021420,True,0,True
outer=sqrt|sn_i_bond|sq(d)|within=cv|across=median,A,sn_i_bond,sq(d),sq,d,cv,median,1,sqrt,bb128104c235,True,f021421,True,0,True
outer=inv|sn_i_bond|sq(d)|within=cv|across=median,A,sn_i_bond,sq(d),sq,d,cv,median,1,inv,9e1901a4ba0b,True,f021422,True,0,True
outer=sq|sn_i_bond|sq(d)|within=cv|across=max,A,sn_i_bond,sq(d),sq,d,cv,max,1,sq,67a3199fb2c7,True,f021423,True,0,True
outer=sqrt|sn_i_bond|sq(d)|within=cv|across=max,A,sn_i_bond,sq(d),sq,d,cv,max,1,sqrt,1879c6a8fff9,True,f021424,True,0,True
outer=inv|sn_i_bond|sq(d)|within=cv|across=max,A,sn_i_bond,sq(d),sq,d,cv,max,1,inv,76c3183be07d,True,f021425,True,0,True
outer=sq|sn_i_bond|sq(d)|within=cv|across=range,A,sn_i_bond,sq(d),sq,d,cv,range,1,sq,de859cffc8ed,True,f021426,True,0,True
outer=sqrt|sn_i_bond|sq(d)|within=cv|across=range,A,sn_i_bond,sq(d),sq,d,cv,range,1,sqrt,4b243a490dfb,True,f021427,True,0,True
outer=sq|sn_i_bond|sq(d)|within=cv|across=site_cv,A,sn_i_bond,sq(d),sq,d,cv,site_cv,1,sq,8bd4fe5f56e8,True,f021428,True,0,True
outer=sqrt|sn_i_bond|sq(d)|within=cv|across=site_cv,A,sn_i_bond,sq(d),sq,d,cv,site_cv,1,sqrt,49fee505904b,True,f021429,True,0,True
outer=sq|sn_i_bond|sq(d)|within=normalized_range|across=mean,A,sn_i_bond,sq(d),sq,d,normalized_range,mean,1,sq,a167bef677dc,True,f021430,True,0,True
outer=sqrt|sn_i_bond|sq(d)|within=normalized_range|across=mean,A,sn_i_bond,sq(d),sq,d,normalized_range,mean,1,sqrt,da002e5bc220,True,f021431,True,0,True
outer=inv|sn_i_bond|sq(d)|within=normalized_range|across=mean,A,sn_i_bond,sq(d),sq,d,normalized_range,mean,1,inv,63eb551dc1c7,True,f021432,True,0,True
outer=sq|sn_i_bond|sq(d)|within=normalized_range|across=median,A,sn_i_bond,sq(d),sq,d,normalized_range,median,1,sq,fc3a1254b029,True,f021433,True,0,True
outer=sqrt|sn_i_bond|sq(d)|within=normalized_range|across=median,A,sn_i_bond,sq(d),sq,d,normalized_range,median,1,sqrt,e6175ada0372,True,f021434,True,0,True
outer=inv|sn_i_bond|sq(d)|within=normalized_range|across=median,A,sn_i_bond,sq(d),sq,d,normalized_range,median,1,inv,fc5cc8e1d6aa,True,f021435,True,0,True
outer=sq|sn_i_bond|sq(d)|within=normalized_range|across=max,A,sn_i_bond,sq(d),sq,d,normalized_range,max,1,sq,b52c1c38dc4d,True,f021436,True,0,True
outer=sqrt|sn_i_bond|sq(d)|within=normalized_range|across=max,A,sn_i_bond,sq(d),sq,d,normalized_range,max,1,sqrt,f5dc42f9c880,True,f021437,True,0,True
outer=inv|sn_i_bond|sq(d)|within=normalized_range|across=max,A,sn_i_bond,sq(d),sq,d,normalized_range,max,1,inv,cdeef6efd89d,True,f021438,True,0,True
outer=sq|sn_i_bond|sq(d)|within=normalized_range|across=range,A,sn_i_bond,sq(d),sq,d,normalized_range,range,1,sq,d76a460e6e0d,True,f021439,True,0,True
outer=sqrt|sn_i_bond|sq(d)|within=normalized_range|across=range,A,sn_i_bond,sq(d),sq,d,normalized_range,range,1,sqrt,a077ce954294,True,f021440,True,0,True
outer=sq|sn_i_bond|sq(d)|within=normalized_range|across=site_cv,A,sn_i_bond,sq(d),sq,d,normalized_range,site_cv,1,sq,43daeb994ddb,True,f021441,True,0,True
outer=sqrt|sn_i_bond|sq(d)|within=normalized_range|across=site_cv,A,sn_i_bond,sq(d),sq,d,normalized_range,site_cv,1,sqrt,fba18ce0fc24,True,f021442,True,0,True
outer=sq|sn_i_bond|sq(d)|within=mad|across=site_cv,A,sn_i_bond,sq(d),sq,d,mad,site_cv,1,sq,f0e1183f4538,True,f021454,True,0,True
outer=sqrt|sn_i_bond|sq(d)|within=mad|across=site_cv,A,sn_i_bond,sq(d),sq,d,mad,site_cv,1,sqrt,5884b5fd9b9c,True,f021455,True,0,True
outer=sq|sn_i_bond|sq(d)|within=iqr|across=site_cv,A,sn_i_bond,sq(d),sq,d,iqr,site_cv,1,sq,2f6abd691fb9,True,f021467,True,0,True
outer=sqrt|sn_i_bond|sq(d)|within=iqr|across=site_cv,A,sn_i_bond,sq(d),sq,d,iqr,site_cv,1,sqrt,0a645a03bc70,True,f021468,True,0,True
outer=sq|sn_i_bond|sq(d)|within=min|across=site_cv,A,sn_i_bond,sq(d),sq,d,min,site_cv,1,sq,0cb19028977a,True,f021479,True,0,True
outer=sqrt|sn_i_bond|sq(d)|within=min|across=site_cv,A,sn_i_bond,sq(d),sq,d,min,site_cv,1,sqrt,ced5fb24d0c0,True,f021480,True,0,True
outer=sq|sn_i_bond|sq(d)|within=max|across=site_cv,A,sn_i_bond,sq(d),sq,d,max,site_cv,1,sq,9ac9eca30b04,True,f021491,True,0,True
outer=sqrt|sn_i_bond|sq(d)|within=max|across=site_cv,A,sn_i_bond,sq(d),sq,d,max,site_cv,1,sqrt,6277aad1ce71,True,f021492,True,0,True
outer=sq|sn_i_bond|sq(d)|within=top2_deviation|across=site_cv,A,sn_i_bond,sq(d),sq,d,top2_deviation,site_cv,1,sq,de635292448d,True,f021504,True,0,True
outer=sqrt|sn_i_bond|sq(d)|within=top2_deviation|across=site_cv,A,sn_i_bond,sq(d),sq,d,top2_deviation,site_cv,1,sqrt,3beb101351f6,True,f021505,True,0,True
outer=sq|sn_i_bond|sqrt(d)|within=mean|across=site_cv,A,sn_i_bond,sqrt(d),sqrt,d,mean,site_cv,1,sq,45b93e0e13f5,True,f021517,True,0,True
outer=sqrt|sn_i_bond|sqrt(d)|within=mean|across=site_cv,A,sn_i_bond,sqrt(d),sqrt,d,mean,site_cv,1,sqrt,ce392797c890,True,f021518,True,0,True
outer=sq|sn_i_bond|sqrt(d)|within=sd|across=site_cv,A,sn_i_bond,sqrt(d),sqrt,d,sd,site_cv,1,sq,d1f0f1dc92c3,True,f021530,True,0,True
outer=sqrt|sn_i_bond|sqrt(d)|within=sd|across=site_cv,A,sn_i_bond,sqrt(d),sqrt,d,sd,site_cv,1,sqrt,ef03fc3f99b5,True,f021531,True,0,True
outer=sq|sn_i_bond|sqrt(d)|within=cv|across=mean,A,sn_i_bond,sqrt(d),sqrt,d,cv,mean,1,sq,1e39099c3ff5,True,f021532,True,0,True
outer=sqrt|sn_i_bond|sqrt(d)|within=cv|across=mean,A,sn_i_bond,sqrt(d),sqrt,d,cv,mean,1,sqrt,9441d6808fea,True,f021533,True,0,True
outer=inv|sn_i_bond|sqrt(d)|within=cv|across=mean,A,sn_i_bond,sqrt(d),sqrt,d,cv,mean,1,inv,b47aa6b32757,True,f021534,True,0,True
outer=sq|sn_i_bond|sqrt(d)|within=cv|across=median,A,sn_i_bond,sqrt(d),sqrt,d,cv,median,1,sq,e44e0889426f,True,f021535,True,0,True
outer=sqrt|sn_i_bond|sqrt(d)|within=cv|across=median,A,sn_i_bond,sqrt(d),sqrt,d,cv,median,1,sqrt,295da3a7f913,True,f021536,True,0,True
outer=inv|sn_i_bond|sqrt(d)|within=cv|across=median,A,sn_i_bond,sqrt(d),sqrt,d,cv,median,1,inv,953ef1c5fce6,True,f021537,True,0,True
outer=sq|sn_i_bond|sqrt(d)|within=cv|across=max,A,sn_i_bond,sqrt(d),sqrt,d,cv,max,1,sq,1c15ccb2c6bc,True,f021538,True,0,True
outer=sqrt|sn_i_bond|sqrt(d)|within=cv|across=max,A,sn_i_bond,sqrt(d),sqrt,d,cv,max,1,sqrt,bc793d34e89f,True,f021539,True,0,True
outer=inv|sn_i_bond|sqrt(d)|within=cv|across=max,A,sn_i_bond,sqrt(d),sqrt,d,cv,max,1,inv,9e781c7dc289,True,f021540,True,0,True
outer=sq|sn_i_bond|sqrt(d)|within=cv|across=range,A,sn_i_bond,sqrt(d),sqrt,d,cv,range,1,sq,07fc09538c1e,True,f021541,True,0,True
outer=sqrt|sn_i_bond|sqrt(d)|within=cv|across=range,A,sn_i_bond,sqrt(d),sqrt,d,cv,range,1,sqrt,87c756afc7d8,True,f021542,True,0,True
outer=sq|sn_i_bond|sqrt(d)|within=cv|across=site_cv,A,sn_i_bond,sqrt(d),sqrt,d,cv,site_cv,1,sq,ac366e78e00d,True,f021543,True,0,True
outer=sqrt|sn_i_bond|sqrt(d)|within=cv|across=site_cv,A,sn_i_bond,sqrt(d),sqrt,d,cv,site_cv,1,sqrt,f25bd510c758,True,f021544,True,0,True
outer=sq|sn_i_bond|sqrt(d)|within=normalized_range|across=mean,A,sn_i_bond,sqrt(d),sqrt,d,normalized_range,mean,1,sq,d0d02869de19,True,f021545,True,0,True
outer=sqrt|sn_i_bond|sqrt(d)|within=normalized_range|across=mean,A,sn_i_bond,sqrt(d),sqrt,d,normalized_range,mean,1,sqrt,e519377a2db0,True,f021546,True,0,True
outer=inv|sn_i_bond|sqrt(d)|within=normalized_range|across=mean,A,sn_i_bond,sqrt(d),sqrt,d,normalized_range,mean,1,inv,2d9e3bdd8a9e,True,f021547,True,0,True
outer=sq|sn_i_bond|sqrt(d)|within=normalized_range|across=median,A,sn_i_bond,sqrt(d),sqrt,d,normalized_range,median,1,sq,bfab7c459e53,True,f021548,True,0,True
outer=sqrt|sn_i_bond|sqrt(d)|within=normalized_range|across=median,A,sn_i_bond,sqrt(d),sqrt,d,normalized_range,median,1,sqrt,fdeff6f4a339,True,f021549,True,0,True
outer=inv|sn_i_bond|sqrt(d)|within=normalized_range|across=median,A,sn_i_bond,sqrt(d),sqrt,d,normalized_range,median,1,inv,2f86dfcabe93,True,f021550,True,0,True
outer=sq|sn_i_bond|sqrt(d)|within=normalized_range|across=max,A,sn_i_bond,sqrt(d),sqrt,d,normalized_range,max,1,sq,07e16e0f2fed,True,f021551,True,0,True
outer=sqrt|sn_i_bond|sqrt(d)|within=normalized_range|across=max,A,sn_i_bond,sqrt(d),sqrt,d,normalized_range,max,1,sqrt,a41cfb506558,True,f021552,True,0,True
outer=inv|sn_i_bond|sqrt(d)|within=normalized_range|across=max,A,sn_i_bond,sqrt(d),sqrt,d,normalized_range,max,1,inv,af1d2db07598,True,f021553,True,0,True
outer=sq|sn_i_bond|sqrt(d)|within=normalized_range|across=range,A,sn_i_bond,sqrt(d),sqrt,d,normalized_range,range,1,sq,6d0f8e41d382,True,f021554,True,0,True
outer=sqrt|sn_i_bond|sqrt(d)|within=normalized_range|across=range,A,sn_i_bond,sqrt(d),sqrt,d,normalized_range,range,1,sqrt,cfb386b005f8,True,f021555,True,0,True
outer=sq|sn_i_bond|sqrt(d)|within=normalized_range|across=site_cv,A,sn_i_bond,sqrt(d),sqrt,d,normalized_range,site_cv,1,sq,f315d29037df,True,f021556,True,0,True
outer=sqrt|sn_i_bond|sqrt(d)|within=normalized_range|across=site_cv,A,sn_i_bond,sqrt(d),sqrt,d,normalized_range,site_cv,1,sqrt,4f56e1db27dc,True,f021557,True,0,True
outer=sq|sn_i_bond|sqrt(d)|within=mad|across=site_cv,A,sn_i_bond,sqrt(d),sqrt,d,mad,site_cv,1,sq,020881f6b07c,True,f021569,True,0,True
outer=sqrt|sn_i_bond|sqrt(d)|within=mad|across=site_cv,A,sn_i_bond,sqrt(d),sqrt,d,mad,site_cv,1,sqrt,26cd911b38cf,True,f021570,True,0,True
outer=sq|sn_i_bond|sqrt(d)|within=iqr|across=site_cv,A,sn_i_bond,sqrt(d),sqrt,d,iqr,site_cv,1,sq,07c4835f4b57,True,f021582,True,0,True
outer=sqrt|sn_i_bond|sqrt(d)|within=iqr|across=site_cv,A,sn_i_bond,sqrt(d),sqrt,d,iqr,site_cv,1,sqrt,1330449dec99,True,f021583,True,0,True
outer=sq|sn_i_bond|sqrt(d)|within=min|across=site_cv,A,sn_i_bond,sqrt(d),sqrt,d,min,site_cv,1,sq,9f5d5477571b,True,f021594,True,0,True
outer=sqrt|sn_i_bond|sqrt(d)|within=min|across=site_cv,A,sn_i_bond,sqrt(d),sqrt,d,min,site_cv,1,sqrt,34aaec1f8146,True,f021595,True,0,True
outer=sq|sn_i_bond|sqrt(d)|within=max|across=site_cv,A,sn_i_bond,sqrt(d),sqrt,d,max,site_cv,1,sq,35d629609a59,True,f021606,True,0,True
outer=sqrt|sn_i_bond|sqrt(d)|within=max|across=site_cv,A,sn_i_bond,sqrt(d),sqrt,d,max,site_cv,1,sqrt,497ec3e4b904,True,f021607,True,0,True
outer=sq|sn_i_bond|sqrt(d)|within=top2_deviation|across=site_cv,A,sn_i_bond,sqrt(d),sqrt,d,top2_deviation,site_cv,1,sq,546cb200dc9b,True,f021619,True,0,True
outer=sqrt|sn_i_bond|sqrt(d)|within=top2_deviation|across=site_cv,A,sn_i_bond,sqrt(d),sqrt,d,top2_deviation,site_cv,1,sqrt,ee539baed7fb,True,f021620,True,0,True
outer=sq|sn_i_bond|h|within=sd|across=mean,A,sn_i_bond,h,identity,h,sd,mean,1,sq,3cbcc494168d,True,f022131,True,1.24679625238374,True
outer=sqrt|sn_i_bond|h|within=sd|across=mean,A,sn_i_bond,h,identity,h,sd,mean,1,sqrt,6f73338220c1,True,f022132,True,0.56633940278679,True
outer=inv|sn_i_bond|h|within=sd|across=mean,A,sn_i_bond,h,identity,h,sd,mean,1,inv,42a00c962e01,True,f022133,True,0.0114049674338197,True
outer=sq|sn_i_bond|h|within=sd|across=median,A,sn_i_bond,h,identity,h,sd,median,1,sq,9c0a2af51028,True,f022134,True,1.23785500733505,True
outer=sqrt|sn_i_bond|h|within=sd|across=median,A,sn_i_bond,h,identity,h,sd,median,1,sqrt,83f2688cbfd4,True,f022135,True,0.566332976922338,True
outer=inv|sn_i_bond|h|within=sd|across=median,A,sn_i_bond,h,identity,h,sd,median,1,inv,2a0c8996d8ad,True,f022136,True,0.0114049660563133,True
outer=sq|sn_i_bond|h|within=sd|across=max,A,sn_i_bond,h,identity,h,sd,max,1,sq,7a6b38724d75,True,f022137,True,3.30465884839961,True
outer=sqrt|sn_i_bond|h|within=sd|across=max,A,sn_i_bond,h,identity,h,sd,max,1,sqrt,726ae1ed94a9,True,f022138,True,0.904577947232746,True
outer=inv|sn_i_bond|h|within=sd|across=max,A,sn_i_bond,h,identity,h,sd,max,1,inv,6dffcbd68ad3,True,f022139,True,0.0114813753007325,True
outer=sq|sn_i_bond|h|within=sd|across=range,A,sn_i_bond,h,identity,h,sd,range,1,sq,669d1b9b9be3,True,f022140,True,2.98478115711467,True
outer=sqrt|sn_i_bond|h|within=sd|across=range,A,sn_i_bond,h,identity,h,sd,range,1,sqrt,948373c899fd,True,f022141,True,4.08836975940148,True
outer=sq|sn_i_bond|h|within=sd|across=site_cv,A,sn_i_bond,h,identity,h,sd,site_cv,1,sq,b52c4bb97dde,True,f022142,True,0.604168165882109,True
outer=sqrt|sn_i_bond|h|within=sd|across=site_cv,A,sn_i_bond,h,identity,h,sd,site_cv,1,sqrt,d727f0d99c3c,True,f022143,True,2.67665107229379,True
outer=sq|sn_i_bond|h|within=cv|across=mean,A,sn_i_bond,h,identity,h,cv,mean,1,sq,022ca04e6c59,True,f022144,True,1.3801865972445,True
outer=sqrt|sn_i_bond|h|within=cv|across=mean,A,sn_i_bond,h,identity,h,cv,mean,1,sqrt,92a41a54ac3b,True,f022145,True,0.619527686474548,True
outer=inv|sn_i_bond|h|within=cv|across=mean,A,sn_i_bond,h,identity,h,cv,mean,1,inv,853e3d879b44,True,f022146,True,0.0124666057375676,True
outer=sq|sn_i_bond|h|within=cv|across=median,A,sn_i_bond,h,identity,h,cv,median,1,sq,08bd78c2fec0,True,f022147,True,1.37114251940066,True
outer=sqrt|sn_i_bond|h|within=cv|across=median,A,sn_i_bond,h,identity,h,cv,median,1,sqrt,a20d57eb5cfd,True,f022148,True,0.619521027835971,True
outer=inv|sn_i_bond|h|within=cv|across=median,A,sn_i_bond,h,identity,h,cv,median,1,inv,2cca0a09d3ba,True,f022149,True,0.0124666043158262,True
outer=sq|sn_i_bond|h|within=cv|across=max,A,sn_i_bond,h,identity,h,cv,max,1,sq,d782e2f7dbfc,True,f022150,True,3.62395731527916,True
outer=sqrt|sn_i_bond|h|within=cv|across=max,A,sn_i_bond,h,identity,h,cv,max,1,sqrt,cb2c3cbd0f66,True,f022151,True,0.993097990418579,True
outer=inv|sn_i_bond|h|within=cv|across=max,A,sn_i_bond,h,identity,h,cv,max,1,inv,f9d708f95787,True,f022152,True,0.0125501701489933,True
outer=sq|sn_i_bond|h|within=cv|across=range,A,sn_i_bond,h,identity,h,cv,range,1,sq,81b3d9e87318,True,f022153,True,3.08650732631295,True
outer=sqrt|sn_i_bond|h|within=cv|across=range,A,sn_i_bond,h,identity,h,cv,range,1,sqrt,fb2227bf05eb,True,f022154,True,4.21594629783472,True
outer=sq|sn_i_bond|h|within=cv|across=site_cv,A,sn_i_bond,h,identity,h,cv,site_cv,1,sq,8802c4b766d0,True,f022155,True,0.613547713386608,True
outer=sqrt|sn_i_bond|h|within=cv|across=site_cv,A,sn_i_bond,h,identity,h,cv,site_cv,1,sqrt,5b96af25c302,True,f022156,True,2.7294748685245,True
outer=sq|sn_i_bond|h|within=normalized_range|across=mean,A,sn_i_bond,h,identity,h,normalized_range,mean,1,sq,acfa2d1afabb,True,f022157,True,2.84071938151011,True
outer=sqrt|sn_i_bond|h|within=normalized_range|across=mean,A,sn_i_bond,h,identity,h,normalized_range,mean,1,sqrt,467a911a5a19,True,f022158,True,1.55029633880378,True
outer=inv|sn_i_bond|h|within=normalized_range|across=mean,A,sn_i_bond,h,identity,h,normalized_range,mean,1,inv,75ad45e0c839,True,f022159,True,0.027063991057611,True
outer=sq|sn_i_bond|h|within=normalized_range|across=median,A,sn_i_bond,h,identity,h,normalized_range,median,1,sq,d319329ba647,True,f022160,True,2.83997950165675,True
outer=sqrt|sn_i_bond|h|within=normalized_range|across=median,A,sn_i_bond,h,identity,h,normalized_range,median,1,sqrt,6ef17b9bcc83,True,f022161,True,1.55018805994825,True
outer=inv|sn_i_bond|h|within=normalized_range|across=median,A,sn_i_bond,h,identity,h,normalized_range,median,1,inv,d2d2f2b8624b,True,f022162,True,0.0270639748490072,True
outer=sq|sn_i_bond|h|within=normalized_range|across=max,A,sn_i_bond,h,identity,h,normalized_range,max,1,sq,12302da13b13,True,f022163,True,2.31718508929221,True
outer=sqrt|sn_i_bond|h|within=normalized_range|across=max,A,sn_i_bond,h,identity,h,normalized_range,max,1,sqrt,881775bd8f92,True,f022164,True,1.46832579307626,True
outer=inv|sn_i_bond|h|within=normalized_range|across=max,A,sn_i_bond,h,identity,h,normalized_range,max,1,inv,944f76c8d001,True,f022165,True,0.02720901602458,True
outer=sq|sn_i_bond|h|within=normalized_range|across=range,A,sn_i_bond,h,identity,h,normalized_range,range,1,sq,060e9f4fead0,True,f022166,True,2.70948980200726,True
outer=sqrt|sn_i_bond|h|within=normalized_range|across=range,A,sn_i_bond,h,identity,h,normalized_range,range,1,sqrt,90e13f9cb554,True,f022167,True,2.26065847670623,True
outer=sq|sn_i_bond|h|within=normalized_range|across=site_cv,A,sn_i_bond,h,identity,h,normalized_range,site_cv,1,sq,a16629d26e65,True,f022168,True,0.736498724726605,True
outer=sqrt|sn_i_bond|h|within=normalized_range|across=site_cv,A,sn_i_bond,h,identity,h,normalized_range,site_cv,1,sqrt,f2ab57d270ed,True,f022169,True,1.54171656125532,True
outer=sqrt|sn_i_bond|h|within=mad|across=mean,A,sn_i_bond,h,identity,h,mad,mean,1,sqrt,df095544d29c,True,f022171,True,1.98811984007282,True
outer=inv|sn_i_bond|h|within=mad|across=mean,A,sn_i_bond,h,identity,h,mad,mean,1,inv,406945910137,True,f022172,True,0.0376379928422039,True
outer=sqrt|sn_i_bond|h|within=mad|across=median,A,sn_i_bond,h,identity,h,mad,median,1,sqrt,094300a8281a,True,f022174,True,1.98930621306341,True
outer=inv|sn_i_bond|h|within=mad|across=median,A,sn_i_bond,h,identity,h,mad,median,1,inv,f65bd297e43c,True,f022175,True,0.037637973157811,True
outer=sq|sn_i_bond|h|within=mad|across=max,A,sn_i_bond,h,identity,h,mad,max,1,sq,030c5395436d,True,f022176,True,3.03651997673441,True
outer=sqrt|sn_i_bond|h|within=mad|across=max,A,sn_i_bond,h,identity,h,mad,max,1,sqrt,b5d16b777e07,True,f022177,True,1.55371036021874,True
outer=inv|sn_i_bond|h|within=mad|across=max,A,sn_i_bond,h,identity,h,mad,max,1,inv,3b5e83da2504,True,f022178,True,0.0377354569154668,True
outer=sq|sn_i_bond|h|within=mad|across=site_cv,A,sn_i_bond,h,identity,h,mad,site_cv,1,sq,fa6fd87eb653,True,f022181,True,4.20407213823209,True
outer=sq|sn_i_bond|h|within=iqr|across=mean,A,sn_i_bond,h,identity,h,iqr,mean,1,sq,96260ad6a222,True,f022183,True,3.53023166043013,True
outer=sqrt|sn_i_bond|h|within=iqr|across=mean,A,sn_i_bond,h,identity,h,iqr,mean,1,sqrt,e659e6a6d8f3,True,f022184,True,1.85227238972527,True
outer=inv|sn_i_bond|h|within=iqr|across=mean,A,sn_i_bond,h,identity,h,iqr,mean,1,inv,dd0cfa043121,True,f022185,True,0.0469161085642295,True
outer=sq|sn_i_bond|h|within=iqr|across=median,A,sn_i_bond,h,identity,h,iqr,median,1,sq,d13507012b44,True,f022186,True,3.53102002080506,True
outer=sqrt|sn_i_bond|h|within=iqr|across=median,A,sn_i_bond,h,identity,h,iqr,median,1,sqrt,e90702005a50,True,f022187,True,1.8523853349171,True
outer=inv|sn_i_bond|h|within=iqr|across=median,A,sn_i_bond,h,identity,h,iqr,median,1,inv,48dc8ba62645,True,f022188,True,0.046916146264221,True
outer=sq|sn_i_bond|h|within=iqr|across=max,A,sn_i_bond,h,identity,h,iqr,max,1,sq,adf452448de9,True,f022189,True,4.09336771334782,True
outer=sqrt|sn_i_bond|h|within=iqr|across=max,A,sn_i_bond,h,identity,h,iqr,max,1,sqrt,f7a2f970548e,True,f022190,True,1.75578272805916,True
outer=inv|sn_i_bond|h|within=iqr|across=max,A,sn_i_bond,h,identity,h,iqr,max,1,inv,29c129125566,True,f022191,True,0.0471421070487766,True
outer=sq|sn_i_bond|h|within=iqr|across=range,A,sn_i_bond,h,identity,h,iqr,range,1,sq,49b52e294731,True,f022192,True,3.80843082763085,True
outer=sq|sn_i_bond|h|within=min|across=mean,A,sn_i_bond,h,identity,h,min,mean,1,sq,640e8fe21097,True,f022196,True,4.98522183451291,True
outer=sq|sn_i_bond|h|within=min|across=median,A,sn_i_bond,h,identity,h,min,median,1,sq,29add551b098,True,f022199,True,4.98460576498519,True
outer=sq|sn_i_bond|h|within=max|across=mean,A,sn_i_bond,h,identity,h,max,mean,1,sq,f2536d232d13,True,f022207,True,0.758409883028309,True
outer=sqrt|sn_i_bond|h|within=max|across=mean,A,sn_i_bond,h,identity,h,max,mean,1,sqrt,82e5e736a057,True,f022208,True,0.729259446984004,True
outer=inv|sn_i_bond|h|within=max|across=mean,A,sn_i_bond,h,identity,h,max,mean,1,inv,f9dbe838d95c,True,f022209,True,0.700307405909552,True
outer=sq|sn_i_bond|h|within=max|across=median,A,sn_i_bond,h,identity,h,max,median,1,sq,95d63e23dab3,True,f022210,True,0.755501593706392,True
outer=sqrt|sn_i_bond|h|within=max|across=median,A,sn_i_bond,h,identity,h,max,median,1,sqrt,ad8fe2411b60,True,f022211,True,0.726467586268092,True
outer=inv|sn_i_bond|h|within=max|across=median,A,sn_i_bond,h,identity,h,max,median,1,inv,88b80c4b5e43,True,f022212,True,0.697630638099246,True
outer=inv|sn_i_bond|h|within=max|across=max,A,sn_i_bond,h,identity,h,max,max,1,inv,adc51e0dd88d,True,f022213,True,0.857523879107742,True
outer=sq|sn_i_bond|h|within=max|across=range,A,sn_i_bond,h,identity,h,max,range,1,sq,72606490d987,True,f022214,True,2.61010372212567,True
outer=sqrt|sn_i_bond|h|within=max|across=range,A,sn_i_bond,h,identity,h,max,range,1,sqrt,090601453cf7,True,f022215,True,2.88089340047842,True
outer=sq|sn_i_bond|h|within=max|across=site_cv,A,sn_i_bond,h,identity,h,max,site_cv,1,sq,5f6f57e8f62b,True,f022216,True,2.65375364840284,True
outer=sqrt|sn_i_bond|h|within=max|across=site_cv,A,sn_i_bond,h,identity,h,max,site_cv,1,sqrt,508d5c997a37,True,f022217,True,2.91297751401468,True
outer=sq|sn_i_bond|h|within=top2_deviation|across=mean,A,sn_i_bond,h,identity,h,top2_deviation,mean,1,sq,fbcd1e35883c,True,f022218,True,2.78531600764841,True
outer=sqrt|sn_i_bond|h|within=top2_deviation|across=mean,A,sn_i_bond,h,identity,h,top2_deviation,mean,1,sqrt,0e0e10a47708,True,f022219,True,1.5211029544774,True
outer=inv|sn_i_bond|h|within=top2_deviation|across=mean,A,sn_i_bond,h,identity,h,top2_deviation,mean,1,inv,00c490cd2027,True,f022220,True,0.0285566863882736,True
outer=sq|sn_i_bond|h|within=top2_deviation|across=median,A,sn_i_bond,h,identity,h,top2_deviation,median,1,sq,eee416ac172e,True,f022221,True,2.78459605960576,True
outer=sqrt|sn_i_bond|h|within=top2_deviation|across=median,A,sn_i_bond,h,identity,h,top2_deviation,median,1,sqrt,907790c5fced,True,f022222,True,1.52099721807732,True
outer=inv|sn_i_bond|h|within=top2_deviation|across=median,A,sn_i_bond,h,identity,h,top2_deviation,median,1,inv,d375d30e9042,True,f022223,True,0.0285566680431167,True
outer=sq|sn_i_bond|h|within=top2_deviation|across=max,A,sn_i_bond,h,identity,h,top2_deviation,max,1,sq,e9f800ea7275,True,f022224,True,2.27311874052935,True
outer=sqrt|sn_i_bond|h|within=top2_deviation|across=max,A,sn_i_bond,h,identity,h,top2_deviation,max,1,sqrt,10eab8b8a66c,True,f022225,True,1.44078558174484,True
outer=inv|sn_i_bond|h|within=top2_deviation|across=max,A,sn_i_bond,h,identity,h,top2_deviation,max,1,inv,33cef085cfaa,True,f022226,True,0.0287786931261379,True
outer=sq|sn_i_bond|h|within=top2_deviation|across=range,A,sn_i_bond,h,identity,h,top2_deviation,range,1,sq,ae8634a22213,True,f022227,True,1.4359166475248,True
outer=sqrt|sn_i_bond|h|within=top2_deviation|across=range,A,sn_i_bond,h,identity,h,top2_deviation,range,1,sqrt,754c136706dd,True,f022228,True,1.42220423934123,True
outer=sq|sn_i_bond|h|within=top2_deviation|across=site_cv,A,sn_i_bond,h,identity,h,top2_deviation,site_cv,1,sq,78bd9b41f346,True,f022229,True,0.344426485416082,True
outer=sqrt|sn_i_bond|h|within=top2_deviation|across=site_cv,A,sn_i_bond,h,identity,h,top2_deviation,site_cv,1,sqrt,5f1a9e71e31c,True,f022230,True,0.906103478695753,True
outer=sq|sn_i_bond|inv(h)|within=sd|across=mean,A,sn_i_bond,inv(h),inv,h,sd,mean,1,sq,69e593502a5b,True,f022244,True,1.53941709506883,True
outer=sqrt|sn_i_bond|inv(h)|within=sd|across=mean,A,sn_i_bond,inv(h),inv,h,sd,mean,1,sqrt,71688feab9e9,True,f022245,True,0.738171601920915,True
outer=inv|sn_i_bond|inv(h)|within=sd|across=mean,A,sn_i_bond,inv(h),inv,h,sd,mean,1,inv,d70e48442104,True,f022246,True,0.0147097601007024,True
outer=sq|sn_i_bond|inv(h)|within=sd|across=median,A,sn_i_bond,inv(h),inv,h,sd,median,1,sq,285b81f00cc3,True,f022247,True,1.52001172027956,True
outer=sqrt|sn_i_bond|inv(h)|within=sd|across=median,A,sn_i_bond,inv(h),inv,h,sd,median,1,sqrt,4280eab5c093,True,f022248,True,0.738179913455118,True
outer=inv|sn_i_bond|inv(h)|within=sd|across=median,A,sn_i_bond,inv(h),inv,h,sd,median,1,inv,e3e699fbfd72,True,f022249,True,0.0147097618888872,True
outer=sq|sn_i_bond|inv(h)|within=sd|across=max,A,sn_i_bond,inv(h),inv,h,sd,max,1,sq,981495422c4b,True,f022250,True,3.39546793733659,True
outer=sqrt|sn_i_bond|inv(h)|within=sd|across=max,A,sn_i_bond,inv(h),inv,h,sd,max,1,sqrt,07a641310329,True,f022251,True,0.930143220564688,True
outer=inv|sn_i_bond|inv(h)|within=sd|across=max,A,sn_i_bond,inv(h),inv,h,sd,max,1,inv,a9d5bd3a83f6,True,f022252,True,0.0148078393023691,True
outer=sq|sn_i_bond|inv(h)|within=sd|across=range,A,sn_i_bond,inv(h),inv,h,sd,range,1,sq,297d80cd4b47,True,f022253,True,3.22136257825022,True
outer=sqrt|sn_i_bond|inv(h)|within=sd|across=range,A,sn_i_bond,inv(h),inv,h,sd,range,1,sqrt,33191dd3b9af,True,f022254,True,4.28992592895351,True
outer=sq|sn_i_bond|inv(h)|within=sd|across=site_cv,A,sn_i_bond,inv(h),inv,h,sd,site_cv,1,sq,b0ed542d70d2,True,f022255,True,0.627160246008645,True
outer=sqrt|sn_i_bond|inv(h)|within=sd|across=site_cv,A,sn_i_bond,inv(h),inv,h,sd,site_cv,1,sqrt,0904d0088f90,True,f022256,True,2.78210079693181,True
outer=sq|sn_i_bond|inv(h)|within=cv|across=mean,A,sn_i_bond,inv(h),inv,h,cv,mean,1,sq,42f561bb8c75,True,f022257,True,1.39833025702356,True
outer=sqrt|sn_i_bond|inv(h)|within=cv|across=mean,A,sn_i_bond,inv(h),inv,h,cv,mean,1,sqrt,9c094204d7b5,True,f022258,True,0.683658100774193,True
outer=inv|sn_i_bond|inv(h)|within=cv|across=mean,A,sn_i_bond,inv(h),inv,h,cv,mean,1,inv,69a3d34ac94f,True,f022259,True,0.0136380048735299,True
outer=sq|sn_i_bond|inv(h)|within=cv|across=median,A,sn_i_bond,inv(h),inv,h,cv,median,1,sq,b7b82ac1c002,True,f022260,True,1.40930270350745,True
outer=sqrt|sn_i_bond|inv(h)|within=cv|across=median,A,sn_i_bond,inv(h),inv,h,cv,median,1,sqrt,89235c147da4,True,f022261,True,0.683666174971249,True
outer=inv|sn_i_bond|inv(h)|within=cv|across=median,A,sn_i_bond,inv(h),inv,h,cv,median,1,inv,eb2a304b40a8,True,f022262,True,0.013638006622508,True
outer=sq|sn_i_bond|inv(h)|within=cv|across=max,A,sn_i_bond,inv(h),inv,h,cv,max,1,sq,7d0adf29ef30,True,f022263,True,3.05768385463798,True
outer=sqrt|sn_i_bond|inv(h)|within=cv|across=max,A,sn_i_bond,inv(h),inv,h,cv,max,1,sqrt,0982e78431ff,True,f022264,True,0.836704482327105,True
outer=inv|sn_i_bond|inv(h)|within=cv|across=max,A,sn_i_bond,inv(h),inv,h,cv,max,1,inv,6668413898ce,True,f022265,True,0.0137288936742482,True
outer=sq|sn_i_bond|inv(h)|within=cv|across=range,A,sn_i_bond,inv(h),inv,h,cv,range,1,sq,4a9a5575d68c,True,f022266,True,3.08087461962319,True
outer=sqrt|sn_i_bond|inv(h)|within=cv|across=range,A,sn_i_bond,inv(h),inv,h,cv,range,1,sqrt,43d156eedc4c,True,f022267,True,4.14681899152153,True
outer=sq|sn_i_bond|inv(h)|within=cv|across=site_cv,A,sn_i_bond,inv(h),inv,h,cv,site_cv,1,sq,12b06ce838d4,True,f022268,True,0.612588168307013,True
outer=sqrt|sn_i_bond|inv(h)|within=cv|across=site_cv,A,sn_i_bond,inv(h),inv,h,cv,site_cv,1,sqrt,40a3f25f709e,True,f022269,True,2.72229602302846,True
outer=sq|sn_i_bond|inv(h)|within=normalized_range|across=mean,A,sn_i_bond,inv(h),inv,h,normalized_range,mean,1,sq,d26d41b7e27f,True,f022270,True,3.12020058187656,True
outer=sqrt|sn_i_bond|inv(h)|within=normalized_range|across=mean,A,sn_i_bond,inv(h),inv,h,normalized_range,mean,1,sqrt,506aa7d58e96,True,f022271,True,1.65611778625725,True
outer=inv|sn_i_bond|inv(h)|within=normalized_range|across=mean,A,sn_i_bond,inv(h),inv,h,normalized_range,mean,1,inv,72d935ec089a,True,f022272,True,0.0286854840113302,True
outer=sq|sn_i_bond|inv(h)|within=normalized_range|across=median,A,sn_i_bond,inv(h),inv,h,normalized_range,median,1,sq,f8d4425d2f59,True,f022273,True,3.11937855843134,True
outer=sqrt|sn_i_bond|inv(h)|within=normalized_range|across=median,A,sn_i_bond,inv(h),inv,h,normalized_range,median,1,sqrt,ec9047663bd2,True,f022274,True,1.65600069400384,True
outer=inv|sn_i_bond|inv(h)|within=normalized_range|across=median,A,sn_i_bond,inv(h),inv,h,normalized_range,median,1,inv,d320cdddfc24,True,f022275,True,0.0286854662563086,True
outer=sq|sn_i_bond|inv(h)|within=normalized_range|across=max,A,sn_i_bond,inv(h),inv,h,normalized_range,max,1,sq,c934f378a68d,True,f022276,True,2.58332929378605,True
outer=sqrt|sn_i_bond|inv(h)|within=normalized_range|across=max,A,sn_i_bond,inv(h),inv,h,normalized_range,max,1,sqrt,5a6714566d8b,True,f022277,True,1.57474829707165,True
outer=inv|sn_i_bond|inv(h)|within=normalized_range|across=max,A,sn_i_bond,inv(h),inv,h,normalized_range,max,1,inv,498cce88eee4,True,f022278,True,0.0288400740582454,True
outer=sq|sn_i_bond|inv(h)|within=normalized_range|across=range,A,sn_i_bond,inv(h),inv,h,normalized_range,range,1,sq,a5f8bc0267f0,True,f022279,True,2.45542887225104,True
outer=sqrt|sn_i_bond|inv(h)|within=normalized_range|across=range,A,sn_i_bond,inv(h),inv,h,normalized_range,range,1,sqrt,2b6ebd8cbd2e,True,f022280,True,2.02603959665166,True
outer=sq|sn_i_bond|inv(h)|within=normalized_range|across=site_cv,A,sn_i_bond,inv(h),inv,h,normalized_range,site_cv,1,sq,43ce9fcc2d79,True,f022281,True,0.687327138353725,True
outer=sqrt|sn_i_bond|inv(h)|within=normalized_range|across=site_cv,A,sn_i_bond,inv(h),inv,h,normalized_range,site_cv,1,sqrt,93fbe0b5b726,True,f022282,True,1.42995321550974,True
outer=sqrt|sn_i_bond|inv(h)|within=mad|across=mean,A,sn_i_bond,inv(h),inv,h,mad,mean,1,sqrt,6547b840bc76,True,f022284,True,1.61358465021737,True
outer=inv|sn_i_bond|inv(h)|within=mad|across=mean,A,sn_i_bond,inv(h),inv,h,mad,mean,1,inv,5e510c27b8ba,True,f022285,True,0.0369028430964575,True
outer=sqrt|sn_i_bond|inv(h)|within=mad|across=median,A,sn_i_bond,inv(h),inv,h,mad,median,1,sqrt,1ba614989a60,True,f022287,True,1.61355742182183,True
outer=inv|sn_i_bond|inv(h)|within=mad|across=median,A,sn_i_bond,inv(h),inv,h,mad,median,1,inv,d769c06501e9,True,f022288,True,0.0369028361342779,True
outer=sq|sn_i_bond|inv(h)|within=mad|across=max,A,sn_i_bond,inv(h),inv,h,mad,max,1,sq,4589eca538f4,True,f022289,True,4.441369773175,True
outer=sqrt|sn_i_bond|inv(h)|within=mad|across=max,A,sn_i_bond,inv(h),inv,h,mad,max,1,sqrt,b6220b0b9e46,True,f022290,True,1.50889470273694,True
outer=inv|sn_i_bond|inv(h)|within=mad|across=max,A,sn_i_bond,inv(h),inv,h,mad,max,1,inv,389fe6083f15,True,f022291,True,0.0370033405311353,True
outer=sq|sn_i_bond|inv(h)|within=mad|across=site_cv,A,sn_i_bond,inv(h),inv,h,mad,site_cv,1,sq,ddd7e670cd1a,True,f022294,True,4.15728036843112,True
outer=sq|sn_i_bond|inv(h)|within=iqr|across=mean,A,sn_i_bond,inv(h),inv,h,iqr,mean,1,sq,391f12c5d7c2,True,f022296,True,3.45926805520832,True
outer=sqrt|sn_i_bond|inv(h)|within=iqr|across=mean,A,sn_i_bond,inv(h),inv,h,iqr,mean,1,sqrt,9da095ab2956,True,f022297,True,1.82073010340976,True
outer=inv|sn_i_bond|inv(h)|within=iqr|across=mean,A,sn_i_bond,inv(h),inv,h,iqr,mean,1,inv,a8212bfa8a9a,True,f022298,True,0.0460597303930112,True
outer=sq|sn_i_bond|inv(h)|within=iqr|across=median,A,sn_i_bond,inv(h),inv,h,iqr,median,1,sq,16702d94bf5f,True,f022299,True,3.45857474825499,True
outer=sqrt|sn_i_bond|inv(h)|within=iqr|across=median,A,sn_i_bond,inv(h),inv,h,iqr,median,1,sqrt,d97a360d1ef8,True,f022300,True,1.82063047168618,True
outer=inv|sn_i_bond|inv(h)|within=iqr|across=median,A,sn_i_bond,inv(h),inv,h,iqr,median,1,inv,c31fb721f789,True,f022301,True,0.0460596973318177,True
outer=sq|sn_i_bond|inv(h)|within=iqr|across=max,A,sn_i_bond,inv(h),inv,h,iqr,max,1,sq,80cad1e823f5,True,f022302,True,3.59397838533949,True
outer=sqrt|sn_i_bond|inv(h)|within=iqr|across=max,A,sn_i_bond,inv(h),inv,h,iqr,max,1,sqrt,6789c321d058,True,f022303,True,1.71367799138224,True
outer=inv|sn_i_bond|inv(h)|within=iqr|across=max,A,sn_i_bond,inv(h),inv,h,iqr,max,1,inv,c1c5e084fe94,True,f022304,True,0.0462771591435638,True
outer=sq|sn_i_bond|inv(h)|within=iqr|across=range,A,sn_i_bond,inv(h),inv,h,iqr,range,1,sq,68640c96a454,True,f022305,True,3.83390524933434,True
outer=sq|sn_i_bond|inv(h)|within=min|across=mean,A,sn_i_bond,inv(h),inv,h,min,mean,1,sq,e2044883c320,True,f022309,True,0.704586516495841,True
outer=sqrt|sn_i_bond|inv(h)|within=min|across=mean,A,sn_i_bond,inv(h),inv,h,min,mean,1,sqrt,8b6eabc48e9e,True,f022310,True,0.734297135491803,True
outer=inv|sn_i_bond|inv(h)|within=min|across=mean,A,sn_i_bond,inv(h),inv,h,min,mean,1,inv,3886acc4b409,True,f022311,True,0.7642577532074,True
outer=sq|sn_i_bond|inv(h)|within=min|across=median,A,sn_i_bond,inv(h),inv,h,min,median,1,sq,631dc4c08a5e,True,f022312,True,0.703969558878427,True
outer=sqrt|sn_i_bond|inv(h)|within=min|across=median,A,sn_i_bond,inv(h),inv,h,min,median,1,sqrt,6fc82e3e0c93,True,f022313,True,0.733648978437215,True
outer=inv|sn_i_bond|inv(h)|within=min|across=median,A,sn_i_bond,inv(h),inv,h,min,median,1,inv,36eb26338ad5,True,f022314,True,0.763577520670658,True
outer=sq|sn_i_bond|inv(h)|within=min|across=max,A,sn_i_bond,inv(h),inv,h,min,max,1,sq,302400b3fc2f,True,f022315,True,2.23726672162631,True
outer=sqrt|sn_i_bond|inv(h)|within=min|across=max,A,sn_i_bond,inv(h),inv,h,min,max,1,sqrt,178f3d6b6b31,True,f022316,True,2.31255419266718,True
outer=inv|sn_i_bond|inv(h)|within=min|across=max,A,sn_i_bond,inv(h),inv,h,min,max,1,inv,7ecc042a7658,True,f022317,True,2.38806958811508,True
outer=sq|sn_i_bond|inv(h)|within=min|across=range,A,sn_i_bond,inv(h),inv,h,min,range,1,sq,5e4fc1ab4324,True,f022318,True,2.35916145778827,True
outer=sqrt|sn_i_bond|inv(h)|within=min|across=range,A,sn_i_bond,inv(h),inv,h,min,range,1,sqrt,457b93f27ad4,True,f022319,True,2.83590901848928,True
outer=sq|sn_i_bond|inv(h)|within=min|across=site_cv,A,sn_i_bond,inv(h),inv,h,min,site_cv,1,sq,bca21ed5a795,True,f022320,True,2.65417613502778,True
outer=sqrt|sn_i_bond|inv(h)|within=min|across=site_cv,A,sn_i_bond,inv(h),inv,h,min,site_cv,1,sqrt,d19d03492405,True,f022321,True,2.9130932705842,True
outer=sq|sn_i_bond|inv(h)|within=max|across=max,A,sn_i_bond,inv(h),inv,h,max,max,1,sq,487bede1a76e,True,f022328,True,4.96623463123789,True
outer=sqrt|sn_i_bond|inv(h)|within=max|across=max,A,sn_i_bond,inv(h),inv,h,max,max,1,sqrt,fa4c4cd4e46d,True,f022329,True,4.88123339299542,True
outer=inv|sn_i_bond|inv(h)|within=max|across=max,A,sn_i_bond,inv(h),inv,h,max,max,1,inv,750c5fe548c7,True,f022330,True,4.79235471188182,True
outer=sq|sn_i_bond|inv(h)|within=top2_deviation|across=mean,A,sn_i_bond,inv(h),inv,h,top2_deviation,mean,1,sq,85ba6093ac4d,True,f022335,True,3.1700468764824,True
outer=sqrt|sn_i_bond|inv(h)|within=top2_deviation|across=mean,A,sn_i_bond,inv(h),inv,h,top2_deviation,mean,1,sqrt,d7f657eaa491,True,f022336,True,1.694273225469,True
outer=inv|sn_i_bond|inv(h)|within=top2_deviation|across=mean,A,sn_i_bond,inv(h),inv,h,top2_deviation,mean,1,inv,a69c3b2c6e60,True,f022337,True,0.0314786738978321,True
outer=sq|sn_i_bond|inv(h)|within=top2_deviation|across=median,A,sn_i_bond,inv(h),inv,h,top2_deviation,median,1,sq,469adf8f9c15,True,f022338,True,3.16920598775533,True
outer=sqrt|sn_i_bond|inv(h)|within=top2_deviation|across=median,A,sn_i_bond,inv(h),inv,h,top2_deviation,median,1,sqrt,ff1f31aae2c5,True,f022339,True,1.6941523067799,True
outer=inv|sn_i_bond|inv(h)|within=top2_deviation|across=median,A,sn_i_bond,inv(h),inv,h,top2_deviation,median,1,inv,f7fc57bf5c24,True,f022340,True,0.0314786528940409,True
outer=sq|sn_i_bond|inv(h)|within=top2_deviation|across=max,A,sn_i_bond,inv(h),inv,h,top2_deviation,max,1,sq,94b6a0e8f014,True,f022341,True,2.6231084141798,True
outer=sqrt|sn_i_bond|inv(h)|within=top2_deviation|across=max,A,sn_i_bond,inv(h),inv,h,top2_deviation,max,1,sqrt,2cb3d8471e85,True,f022342,True,1.61073484456614,True
outer=inv|sn_i_bond|inv(h)|within=top2_deviation|across=max,A,sn_i_bond,inv(h),inv,h,top2_deviation,max,1,inv,0b6e6e9b758f,True,f022343,True,0.0317240990898671,True
outer=sq|sn_i_bond|inv(h)|within=top2_deviation|across=range,A,sn_i_bond,inv(h),inv,h,top2_deviation,range,1,sq,1af95fee8b93,True,f022344,True,1.41406046061109,True
outer=sqrt|sn_i_bond|inv(h)|within=top2_deviation|across=range,A,sn_i_bond,inv(h),inv,h,top2_deviation,range,1,sqrt,ff02a45a7bec,True,f022345,True,1.67969782404716,True
outer=sq|sn_i_bond|inv(h)|within=top2_deviation|across=site_cv,A,sn_i_bond,inv(h),inv,h,top2_deviation,site_cv,1,sq,682c820cceab,True,f022346,True,0.334102827023586,True
outer=sqrt|sn_i_bond|inv(h)|within=top2_deviation|across=site_cv,A,sn_i_bond,inv(h),inv,h,top2_deviation,site_cv,1,sqrt,038d966e8ca7,True,f022347,True,1.39904032704546,True
outer=sq|sn_i_bond|sq(h)|within=sd|across=mean,A,sn_i_bond,sq(h),sq,h,sd,mean,1,sq,02d742e91f56,True,f022361,True,1.11732479416109,True
outer=sqrt|sn_i_bond|sq(h)|within=sd|across=mean,A,sn_i_bond,sq(h),sq,h,sd,mean,1,sqrt,f85a21581c71,True,f022362,True,0.485995485581487,True
outer=inv|sn_i_bond|sq(h)|within=sd|across=mean,A,sn_i_bond,sq(h),sq,h,sd,mean,1,inv,0f176cf93b9a,True,f022363,True,0.009840347322319,True
outer=sq|sn_i_bond|sq(h)|within=sd|across=median,A,sn_i_bond,sq(h),sq,h,sd,median,1,sq,641f8778005b,True,f022364,True,1.11082004147454,True
outer=sqrt|sn_i_bond|sq(h)|within=sd|across=median,A,sn_i_bond,sq(h),sq,h,sd,median,1,sqrt,de0d88017733,True,f022365,True,0.485990165621067,True
outer=inv|sn_i_bond|sq(h)|within=sd|across=median,A,sn_i_bond,sq(h),sq,h,sd,median,1,inv,1c5343050ae6,True,f022366,True,0.0098403461879451,True
outer=sq|sn_i_bond|sq(h)|within=sd|across=max,A,sn_i_bond,sq(h),sq,h,sd,max,1,sq,9326511294fe,True,f022367,True,3.22096458296092,True
outer=sqrt|sn_i_bond|sq(h)|within=sd|across=max,A,sn_i_bond,sq(h),sq,h,sd,max,1,sqrt,a26da8fc616e,True,f022368,True,0.891173006483411,True
outer=inv|sn_i_bond|sq(h)|within=sd|across=max,A,sn_i_bond,sq(h),sq,h,sd,max,1,inv,43c0bc725804,True,f022369,True,0.009906045001452,True
outer=sq|sn_i_bond|sq(h)|within=sd|across=range,A,sn_i_bond,sq(h),sq,h,sd,range,1,sq,517e4dc16ae3,True,f022370,True,2.9075400034556,True
outer=sqrt|sn_i_bond|sq(h)|within=sd|across=range,A,sn_i_bond,sq(h),sq,h,sd,range,1,sqrt,03c408147cad,True,f022371,True,3.99609995302572,True
outer=sq|sn_i_bond|sq(h)|within=sd|across=site_cv,A,sn_i_bond,sq(h),sq,h,sd,site_cv,1,sq,0e3538609f0a,True,f022372,True,0.599480349105627,True
outer=sqrt|sn_i_bond|sq(h)|within=sd|across=site_cv,A,sn_i_bond,sq(h),sq,h,sd,site_cv,1,sqrt,ada18e168852,True,f022373,True,2.62782450844718,True
outer=sq|sn_i_bond|sq(h)|within=cv|across=mean,A,sn_i_bond,sq(h),sq,h,cv,mean,1,sq,7f6b83cb7223,True,f022374,True,1.37604439947042,True
outer=sqrt|sn_i_bond|sq(h)|within=cv|across=mean,A,sn_i_bond,sq(h),sq,h,cv,mean,1,sqrt,bcff15db033e,True,f022375,True,0.59091125324514,True
outer=inv|sn_i_bond|sq(h)|within=cv|across=mean,A,sn_i_bond,sq(h),sq,h,cv,mean,1,inv,b476e23fd639,True,f022376,True,0.0119498469416765,True
outer=sq|sn_i_bond|sq(h)|within=cv|across=median,A,sn_i_bond,sq(h),sq,h,cv,median,1,sq,ec404aabac12,True,f022377,True,1.36937483406239,True
outer=sqrt|sn_i_bond|sq(h)|within=cv|across=median,A,sn_i_bond,sq(h),sq,h,cv,median,1,sqrt,f982e9ce1808,True,f022378,True,0.59090551604575,True
outer=inv|sn_i_bond|sq(h)|within=cv|across=median,A,sn_i_bond,sq(h),sq,h,cv,median,1,inv,31b3da541fba,True,f022379,True,0.0119498457245521,True
outer=sq|sn_i_bond|sq(h)|within=cv|across=max,A,sn_i_bond,sq(h),sq,h,cv,max,1,sq,d6dde882b642,True,f022380,True,3.81399313626699,True
outer=sqrt|sn_i_bond|sq(h)|within=cv|across=max,A,sn_i_bond,sq(h),sq,h,cv,max,1,sqrt,966eecc59b69,True,f022381,True,1.06095079985668,True
outer=inv|sn_i_bond|sq(h)|within=cv|across=max,A,sn_i_bond,sq(h),sq,h,cv,max,1,inv,2012ec894595,True,f022382,True,0.0120295752699697,True
outer=sq|sn_i_bond|sq(h)|within=cv|across=range,A,sn_i_bond,sq(h),sq,h,cv,range,1,sq,2c6bd77b6d43,True,f022383,True,3.07451622924096,True
outer=sqrt|sn_i_bond|sq(h)|within=cv|across=range,A,sn_i_bond,sq(h),sq,h,cv,range,1,sqrt,47a9a50af832,True,f022384,True,4.23496203942305,True
outer=sq|sn_i_bond|sq(h)|within=cv|across=site_cv,A,sn_i_bond,sq(h),sq,h,cv,site_cv,1,sq,eb7ad8a936b9,True,f022385,True,0.613132801894106,True
outer=sqrt|sn_i_bond|sq(h)|within=cv|across=site_cv,A,sn_i_bond,sq(h),sq,h,cv,site_cv,1,sqrt,9d85f064d598,True,f022386,True,2.72586165784202,True
outer=sq|sn_i_bond|sq(h)|within=normalized_range|across=mean,A,sn_i_bond,sq(h),sq,h,normalized_range,mean,1,sq,3c49a04dfab2,True,f022387,True,2.712404234286,True
outer=sqrt|sn_i_bond|sq(h)|within=normalized_range|across=mean,A,sn_i_bond,sq(h),sq,h,normalized_range,mean,1,sqrt,cbf8556d3f05,True,f022388,True,1.5003749810508,True
outer=inv|sn_i_bond|sq(h)|within=normalized_range|across=mean,A,sn_i_bond,sq(h),sq,h,normalized_range,mean,1,inv,74759bf44738,True,f022389,True,0.0263038475118216,True
outer=sq|sn_i_bond|sq(h)|within=normalized_range|across=median,A,sn_i_bond,sq(h),sq,h,normalized_range,median,1,sq,fb76d1371f2f,True,f022390,True,2.71169871943153,True
outer=sqrt|sn_i_bond|sq(h)|within=normalized_range|across=median,A,sn_i_bond,sq(h),sq,h,normalized_range,median,1,sqrt,8d1b5a395155,True,f022391,True,1.50027036650457,True
outer=inv|sn_i_bond|sq(h)|within=normalized_range|across=median,A,sn_i_bond,sq(h),sq,h,normalized_range,median,1,inv,059c9a390ef6,True,f022392,True,0.0263038319353138,True
outer=sq|sn_i_bond|sq(h)|within=normalized_range|across=max,A,sn_i_bond,sq(h),sq,h,normalized_range,max,1,sq,868a15f12de6,True,f022393,True,2.26310869406634,True
outer=sqrt|sn_i_bond|sq(h)|within=normalized_range|across=max,A,sn_i_bond,sq(h),sq,h,normalized_range,max,1,sqrt,57a1bd1824fe,True,f022394,True,1.41790998028725,True
outer=inv|sn_i_bond|sq(h)|within=normalized_range|across=max,A,sn_i_bond,sq(h),sq,h,normalized_range,max,1,inv,fcb80b5cc85b,True,f022395,True,0.0264443537759986,True
outer=sq|sn_i_bond|sq(h)|within=normalized_range|across=range,A,sn_i_bond,sq(h),sq,h,normalized_range,range,1,sq,ddb18cbe52d2,True,f022396,True,2.81396058154876,True
outer=sqrt|sn_i_bond|sq(h)|within=normalized_range|across=range,A,sn_i_bond,sq(h),sq,h,normalized_range,range,1,sqrt,829f4067a40d,True,f022397,True,2.36361578827074,True
outer=sq|sn_i_bond|sq(h)|within=normalized_range|across=site_cv,A,sn_i_bond,sq(h),sq,h,normalized_range,site_cv,1,sq,5f5e3d3b5568,True,f022398,True,0.75728710999154,True
outer=sqrt|sn_i_bond|sq(h)|within=normalized_range|across=site_cv,A,sn_i_bond,sq(h),sq,h,normalized_range,site_cv,1,sqrt,6393c5bb020c,True,f022399,True,1.58912929444937,True
outer=sqrt|sn_i_bond|sq(h)|within=mad|across=mean,A,sn_i_bond,sq(h),sq,h,mad,mean,1,sqrt,9c4ebedf9988,True,f022401,True,2.85281202137492,True
outer=inv|sn_i_bond|sq(h)|within=mad|across=mean,A,sn_i_bond,sq(h),sq,h,mad,mean,1,inv,7d8cbf127176,True,f022402,True,0.0380223627699643,True
outer=sqrt|sn_i_bond|sq(h)|within=mad|across=median,A,sn_i_bond,sq(h),sq,h,mad,median,1,sqrt,18c2ef0cf6ec,True,f022404,True,2.85172267678623,True
outer=inv|sn_i_bond|sq(h)|within=mad|across=median,A,sn_i_bond,sq(h),sq,h,mad,median,1,inv,4116b6f4b011,True,f022405,True,0.0380223422466997,True
outer=sqrt|sn_i_bond|sq(h)|within=mad|across=max,A,sn_i_bond,sq(h),sq,h,mad,max,1,sqrt,55745605bee9,True,f022407,True,1.57677967245407,True
outer=inv|sn_i_bond|sq(h)|within=mad|across=max,A,sn_i_bond,sq(h),sq,h,mad,max,1,inv,31280f8b92d4,True,f022408,True,0.0381140556181404,True
outer=sq|sn_i_bond|sq(h)|within=mad|across=site_cv,A,sn_i_bond,sq(h),sq,h,mad,site_cv,1,sq,f7da21f97b06,True,f022411,True,4.22796684576307,True
outer=sq|sn_i_bond|sq(h)|within=iqr|across=mean,A,sn_i_bond,sq(h),sq,h,iqr,mean,1,sq,a5626ee1f9e1,True,f022413,True,3.56228185976134,True
outer=sqrt|sn_i_bond|sq(h)|within=iqr|across=mean,A,sn_i_bond,sq(h),sq,h,iqr,mean,1,sqrt,8a6822aa74a8,True,f022414,True,1.86830453594826,True
outer=inv|sn_i_bond|sq(h)|within=iqr|across=mean,A,sn_i_bond,sq(h),sq,h,iqr,mean,1,inv,a3a67221f387,True,f022415,True,0.0473576559893346,True
outer=sq|sn_i_bond|sq(h)|within=iqr|across=median,A,sn_i_bond,sq(h),sq,h,iqr,median,1,sq,5f8cffed2a31,True,f022416,True,3.56311536107242,True
outer=sqrt|sn_i_bond|sq(h)|within=iqr|across=median,A,sn_i_bond,sq(h),sq,h,iqr,median,1,sqrt,bd4c76da3a8d,True,f022417,True,1.86842390474253,True
outer=inv|sn_i_bond|sq(h)|within=iqr|across=median,A,sn_i_bond,sq(h),sq,h,iqr,median,1,inv,cd6b94c7a300,True,f022418,True,0.0473576959121216,True
outer=sq|sn_i_bond|sq(h)|within=iqr|across=max,A,sn_i_bond,sq(h),sq,h,iqr,max,1,sq,8cb6cb63b1d6,True,f022419,True,4.20769551828312,True
outer=sqrt|sn_i_bond|sq(h)|within=iqr|across=max,A,sn_i_bond,sq(h),sq,h,iqr,max,1,sqrt,0ba97c70c0a4,True,f022420,True,1.77738426268921,True
outer=inv|sn_i_bond|sq(h)|within=iqr|across=max,A,sn_i_bond,sq(h),sq,h,iqr,max,1,inv,c6316a4c5e15,True,f022421,True,0.0475881654328121,True
outer=sq|sn_i_bond|sq(h)|within=iqr|across=range,A,sn_i_bond,sq(h),sq,h,iqr,range,1,sq,da1d512f9c94,True,f022422,True,3.79527895641624,True
outer=sq|sn_i_bond|sq(h)|within=min|across=mean,A,sn_i_bond,sq(h),sq,h,min,mean,1,sq,ab3dc2b61d28,True,f022426,True,4.83291758858342,True
outer=sq|sn_i_bond|sq(h)|within=min|across=median,A,sn_i_bond,sq(h),sq,h,min,median,1,sq,a588658b53aa,True,f022429,True,4.83236107287386,True
outer=sq|sn_i_bond|sq(h)|within=min|across=range,A,sn_i_bond,sq(h),sq,h,min,range,1,sq,1fc7f1f74d89,True,f022434,True,4.65342198566688,True
outer=sq|sn_i_bond|sq(h)|within=max|across=mean,A,sn_i_bond,sq(h),sq,h,max,mean,1,sq,2f9294b433ec,True,f022438,True,0.793565788143932,True
outer=sqrt|sn_i_bond|sq(h)|within=max|across=mean,A,sn_i_bond,sq(h),sq,h,max,mean,1,sqrt,04684f060c5c,True,f022439,True,0.735297135115764,True
outer=inv|sn_i_bond|sq(h)|within=max|across=mean,A,sn_i_bond,sq(h),sq,h,max,mean,1,inv,5683d9747f01,True,f022440,True,0.677726928607966,True
outer=sq|sn_i_bond|sq(h)|within=max|across=median,A,sn_i_bond,sq(h),sq,h,max,median,1,sq,a6be5c5ef1ac,True,f022441,True,0.790415102305412,True
outer=sqrt|sn_i_bond|sq(h)|within=max|across=median,A,sn_i_bond,sq(h),sq,h,max,median,1,sqrt,efa2b90b84e8,True,f022442,True,0.732387536311901,True
outer=inv|sn_i_bond|sq(h)|within=max|across=median,A,sn_i_bond,sq(h),sq,h,max,median,1,inv,1344cdd83e50,True,f022443,True,0.675053336961714,True
outer=sq|sn_i_bond|sq(h)|within=max|across=max,A,sn_i_bond,sq(h),sq,h,max,max,1,sq,d448bc92f7e8,True,f022444,True,1.00038836941751,True
outer=inv|sn_i_bond|sq(h)|within=max|across=max,A,sn_i_bond,sq(h),sq,h,max,max,1,inv,29d9c6d427df,True,f022445,True,0.829601696381762,True
outer=sq|sn_i_bond|sq(h)|within=max|across=range,A,sn_i_bond,sq(h),sq,h,max,range,1,sq,7b615b862b5c,True,f022446,True,2.74327632505801,True
outer=sqrt|sn_i_bond|sq(h)|within=max|across=range,A,sn_i_bond,sq(h),sq,h,max,range,1,sqrt,450533fb79a2,True,f022447,True,2.90323386840651,True
outer=sq|sn_i_bond|sq(h)|within=max|across=site_cv,A,sn_i_bond,sq(h),sq,h,max,site_cv,1,sq,fc422151383a,True,f022448,True,2.65701257304477,True
outer=sqrt|sn_i_bond|sq(h)|within=max|across=site_cv,A,sn_i_bond,sq(h),sq,h,max,site_cv,1,sqrt,276bcbfb67db,True,f022449,True,2.913317372381,True
outer=sq|sn_i_bond|sq(h)|within=top2_deviation|across=mean,A,sn_i_bond,sq(h),sq,h,top2_deviation,mean,1,sq,49e5a1606f87,True,f022450,True,2.5970553356298,True
outer=sqrt|sn_i_bond|sq(h)|within=top2_deviation|across=mean,A,sn_i_bond,sq(h),sq,h,top2_deviation,mean,1,sqrt,ec631b940158,True,f022451,True,1.43776157885958,True
outer=inv|sn_i_bond|sq(h)|within=top2_deviation|across=mean,A,sn_i_bond,sq(h),sq,h,top2_deviation,mean,1,inv,1689a8a40f35,True,f022452,True,0.0271295199309719,True
outer=sq|sn_i_bond|sq(h)|within=top2_deviation|across=median,A,sn_i_bond,sq(h),sq,h,top2_deviation,median,1,sq,c91f456fbb47,True,f022453,True,2.59639055005168,True
outer=sqrt|sn_i_bond|sq(h)|within=top2_deviation|across=median,A,sn_i_bond,sq(h),sq,h,top2_deviation,median,1,sqrt,ebf0047473b3,True,f022454,True,1.43766263794839,True
outer=inv|sn_i_bond|sq(h)|within=top2_deviation|across=median,A,sn_i_bond,sq(h),sq,h,top2_deviation,median,1,inv,4c1aac5d842a,True,f022455,True,0.0271295028298954,True
outer=sq|sn_i_bond|sq(h)|within=top2_deviation|across=max,A,sn_i_bond,sq(h),sq,h,top2_deviation,max,1,sq,5ee79d956785,True,f022456,True,2.10260884921132,True
outer=sqrt|sn_i_bond|sq(h)|within=top2_deviation|across=max,A,sn_i_bond,sq(h),sq,h,top2_deviation,max,1,sqrt,457c4ecb47d5,True,f022457,True,1.35895594467917,True
outer=inv|sn_i_bond|sq(h)|within=top2_deviation|across=max,A,sn_i_bond,sq(h),sq,h,top2_deviation,max,1,inv,d7237d9efb00,True,f022458,True,0.0273401123171715,True
outer=sq|sn_i_bond|sq(h)|within=top2_deviation|across=range,A,sn_i_bond,sq(h),sq,h,top2_deviation,range,1,sq,49fb8adfe1c4,True,f022459,True,1.4653737348809,True
outer=sqrt|sn_i_bond|sq(h)|within=top2_deviation|across=range,A,sn_i_bond,sq(h),sq,h,top2_deviation,range,1,sqrt,5b23570f3612,True,f022460,True,1.49251829388618,True
outer=sq|sn_i_bond|sq(h)|within=top2_deviation|across=site_cv,A,sn_i_bond,sq(h),sq,h,top2_deviation,site_cv,1,sq,5564b89d1070,True,f022461,True,0.360954152314021,True
outer=sqrt|sn_i_bond|sq(h)|within=top2_deviation|across=site_cv,A,sn_i_bond,sq(h),sq,h,top2_deviation,site_cv,1,sqrt,ed602f6744b8,True,f022462,True,0.935331017100127,True
outer=sq|sn_i_bond|sqrt(h)|within=sd|across=mean,A,sn_i_bond,sqrt(h),sqrt,h,sd,mean,1,sq,b512b3cb6df1,True,f022476,True,1.31572437076264,True
outer=sqrt|sn_i_bond|sqrt(h)|within=sd|across=mean,A,sn_i_bond,sqrt(h),sqrt,h,sd,mean,1,sqrt,190ca04a65ce,True,f022477,True,0.607933239633603,True
outer=inv|sn_i_bond|sqrt(h)|within=sd|across=mean,A,sn_i_bond,sqrt(h),sqrt,h,sd,mean,1,inv,fce37c6c9a85,True,f022478,True,0.0122098640791759,True
outer=sq|sn_i_bond|sqrt(h)|within=sd|across=median,A,sn_i_bond,sqrt(h),sqrt,h,sd,median,1,sq,e9cae06d7435,True,f022479,True,1.30558160436805,True
outer=sqrt|sn_i_bond|sqrt(h)|within=sd|across=median,A,sn_i_bond,sqrt(h),sqrt,h,sd,median,1,sqrt,5f8ac7a7f77b,True,f022480,True,0.607926288515152,True
outer=inv|sn_i_bond|sqrt(h)|within=sd|across=median,A,sn_i_bond,sqrt(h),sqrt,h,sd,median,1,inv,6667ec82df2e,True,f022481,True,0.0122098625864098,True
outer=sq|sn_i_bond|sqrt(h)|within=sd|across=max,A,sn_i_bond,sqrt(h),sqrt,h,sd,max,1,sq,398b89361823,True,f022482,True,3.32449658351417,True
outer=sqrt|sn_i_bond|sqrt(h)|within=sd|across=max,A,sn_i_bond,sqrt(h),sqrt,h,sd,max,1,sqrt,c05db02d2552,True,f022483,True,0.910199809209641,True
outer=inv|sn_i_bond|sqrt(h)|within=sd|across=max,A,sn_i_bond,sqrt(h),sqrt,h,sd,max,1,inv,04f1b001a238,True,f022484,True,0.0122915536151703,True
outer=sq|sn_i_bond|sqrt(h)|within=sd|across=range,A,sn_i_bond,sqrt(h),sqrt,h,sd,range,1,sq,8b9a707ece41,True,f022485,True,3.0331969419332,True
outer=sqrt|sn_i_bond|sqrt(h)|within=sd|across=range,A,sn_i_bond,sqrt(h),sqrt,h,sd,range,1,sqrt,d7e4778b1f05,True,f022486,True,4.13673231571989,True
outer=sq|sn_i_bond|sqrt(h)|within=sd|across=site_cv,A,sn_i_bond,sqrt(h),sqrt,h,sd,site_cv,1,sq,08b3d57b474c,True,f022487,True,0.608183906618531,True
outer=sqrt|sn_i_bond|sqrt(h)|within=sd|across=site_cv,A,sn_i_bond,sqrt(h),sqrt,h,sd,site_cv,1,sqrt,a6e628eb675c,True,f022488,True,2.70214902594235,True
outer=sq|sn_i_bond|sqrt(h)|within=cv|across=mean,A,sn_i_bond,sqrt(h),sqrt,h,cv,mean,1,sq,397583fe6123,True,f022489,True,1.38340365182936,True
outer=sqrt|sn_i_bond|sqrt(h)|within=cv|across=mean,A,sn_i_bond,sqrt(h),sqrt,h,cv,mean,1,sqrt,a9c9b06076db,True,f022490,True,0.634701941332659,True
outer=inv|sn_i_bond|sqrt(h)|within=cv|across=mean,A,sn_i_bond,sqrt(h),sqrt,h,cv,mean,1,inv,dda1b2fb4b43,True,f022491,True,0.0127421854526025,True
outer=sq|sn_i_bond|sqrt(h)|within=cv|across=median,A,sn_i_bond,sqrt(h),sqrt,h,cv,median,1,sq,4324ec09b5bc,True,f022492,True,1.37320358707525,True
outer=sqrt|sn_i_bond|sqrt(h)|within=cv|across=median,A,sn_i_bond,sqrt(h),sqrt,h,cv,median,1,sqrt,0d2da2596b78,True,f022493,True,0.634694870537757,True
outer=inv|sn_i_bond|sqrt(h)|within=cv|across=median,A,sn_i_bond,sqrt(h),sqrt,h,cv,median,1,inv,2c7047f208bf,True,f022494,True,0.0127421839376902,True
outer=sq|sn_i_bond|sqrt(h)|within=cv|across=max,A,sn_i_bond,sqrt(h),sqrt,h,cv,max,1,sq,a4b2d2c87ab8,True,f022495,True,3.48656408182661,True
outer=sqrt|sn_i_bond|sqrt(h)|within=cv|across=max,A,sn_i_bond,sqrt(h),sqrt,h,cv,max,1,sqrt,09c98837e008,True,f022496,True,0.95510501194305,True
outer=inv|sn_i_bond|sqrt(h)|within=cv|across=max,A,sn_i_bond,sqrt(h),sqrt,h,cv,max,1,inv,86e46a2aeff7,True,f022497,True,0.0128274585480149,True
outer=sq|sn_i_bond|sqrt(h)|within=cv|across=range,A,sn_i_bond,sqrt(h),sqrt,h,cv,range,1,sq,563484e57469,True,f022498,True,3.08876522167008,True
outer=sqrt|sn_i_bond|sqrt(h)|within=cv|across=range,A,sn_i_bond,sqrt(h),sqrt,h,cv,range,1,sqrt,b9c40395eb55,True,f022499,True,4.20252422861527,True
outer=sq|sn_i_bond|sqrt(h)|within=cv|across=site_cv,A,sn_i_bond,sqrt(h),sqrt,h,cv,site_cv,1,sq,92a2338e0738,True,f022500,True,0.613517104219434,True
outer=sqrt|sn_i_bond|sqrt(h)|within=cv|across=site_cv,A,sn_i_bond,sqrt(h),sqrt,h,cv,site_cv,1,sqrt,214284e5d070,True,f022501,True,2.72947521859305,True
outer=sq|sn_i_bond|sqrt(h)|within=normalized_range|across=mean,A,sn_i_bond,sqrt(h),sqrt,h,normalized_range,mean,1,sq,e0e94fdd09f5,True,f022502,True,2.90775018360604,True
outer=sqrt|sn_i_bond|sqrt(h)|within=normalized_range|across=mean,A,sn_i_bond,sqrt(h),sqrt,h,normalized_range,mean,1,sqrt,6d871a3a61c4,True,f022503,True,1.57601990618376,True
outer=inv|sn_i_bond|sqrt(h)|within=normalized_range|across=mean,A,sn_i_bond,sqrt(h),sqrt,h,normalized_range,mean,1,inv,bb189ea9138c,True,f022504,True,0.0274568086634983,True
outer=sq|sn_i_bond|sqrt(h)|within=normalized_range|across=median,A,sn_i_bond,sqrt(h),sqrt,h,normalized_range,median,1,sq,7c081d3ec7cc,True,f022505,True,2.90699151069893,True
outer=sqrt|sn_i_bond|sqrt(h)|within=normalized_range|across=median,A,sn_i_bond,sqrt(h),sqrt,h,normalized_range,median,1,sqrt,23030e953e48,True,f022506,True,1.57590961604095,True
outer=inv|sn_i_bond|sqrt(h)|within=normalized_range|across=median,A,sn_i_bond,sqrt(h),sqrt,h,normalized_range,median,1,inv,d38c46b490f7,True,f022507,True,0.0274567921049902,True
outer=sq|sn_i_bond|sqrt(h)|within=normalized_range|across=max,A,sn_i_bond,sqrt(h),sqrt,h,normalized_range,max,1,sq,edf69aa95224,True,f022508,True,2.3812781294978,True
outer=sqrt|sn_i_bond|sqrt(h)|within=normalized_range|across=max,A,sn_i_bond,sqrt(h),sqrt,h,normalized_range,max,1,sqrt,9ec22f40465a,True,f022509,True,1.49425683871845,True
outer=inv|sn_i_bond|sqrt(h)|within=normalized_range|across=max,A,sn_i_bond,sqrt(h),sqrt,h,normalized_range,max,1,inv,dd2c6053e0e3,True,f022510,True,0.0276041606639945,True
outer=sq|sn_i_bond|sqrt(h)|within=normalized_range|across=range,A,sn_i_bond,sqrt(h),sqrt,h,normalized_range,range,1,sq,fc06b9f2facb,True,f022511,True,2.65142068599994,True
outer=sqrt|sn_i_bond|sqrt(h)|within=normalized_range|across=range,A,sn_i_bond,sqrt(h),sqrt,h,normalized_range,range,1,sqrt,d35c94bb970f,True,f022512,True,2.20546652873886,True
outer=sq|sn_i_bond|sqrt(h)|within=normalized_range|across=site_cv,A,sn_i_bond,sqrt(h),sqrt,h,normalized_range,site_cv,1,sq,4de20fc59e48,True,f022513,True,0.72513312469322,True
outer=sqrt|sn_i_bond|sqrt(h)|within=normalized_range|across=site_cv,A,sn_i_bond,sqrt(h),sqrt,h,normalized_range,site_cv,1,sqrt,cbe62dcf26b7,True,f022514,True,1.51584609582671,True
outer=sqrt|sn_i_bond|sqrt(h)|within=mad|across=mean,A,sn_i_bond,sqrt(h),sqrt,h,mad,mean,1,sqrt,f39fc6e83f2b,True,f022516,True,1.65803687560347,True
outer=inv|sn_i_bond|sqrt(h)|within=mad|across=mean,A,sn_i_bond,sqrt(h),sqrt,h,mad,mean,1,inv,0bae9c625a1b,True,f022517,True,0.0374498242720265,True
outer=sqrt|sn_i_bond|sqrt(h)|within=mad|across=median,A,sn_i_bond,sqrt(h),sqrt,h,mad,median,1,sqrt,3db92d880b5f,True,f022519,True,1.65801543454798,True
outer=inv|sn_i_bond|sqrt(h)|within=mad|across=median,A,sn_i_bond,sqrt(h),sqrt,h,mad,median,1,inv,7903a8c1a719,True,f022520,True,0.0374498187323125,True
outer=sq|sn_i_bond|sqrt(h)|within=mad|across=max,A,sn_i_bond,sqrt(h),sqrt,h,mad,max,1,sq,cfcadd816823,True,f022521,True,3.90909943889554,True
outer=sqrt|sn_i_bond|sqrt(h)|within=mad|across=max,A,sn_i_bond,sqrt(h),sqrt,h,mad,max,1,sqrt,43ca982e10da,True,f022522,True,1.54233940586961,True
outer=inv|sn_i_bond|sqrt(h)|within=mad|across=max,A,sn_i_bond,sqrt(h),sqrt,h,mad,max,1,inv,e8acc16c19a0,True,f022523,True,0.0375492419502204,True
outer=sq|sn_i_bond|sqrt(h)|within=mad|across=site_cv,A,sn_i_bond,sqrt(h),sqrt,h,mad,site_cv,1,sq,cfb3475ce3e2,True,f022526,True,4.19224297704508,True
outer=sq|sn_i_bond|sqrt(h)|within=iqr|across=mean,A,sn_i_bond,sqrt(h),sqrt,h,iqr,mean,1,sq,71935273f01f,True,f022528,True,3.51332971377237,True
outer=sqrt|sn_i_bond|sqrt(h)|within=iqr|across=mean,A,sn_i_bond,sqrt(h),sqrt,h,iqr,mean,1,sqrt,dffd951652ab,True,f022529,True,1.84431919857566,True
outer=inv|sn_i_bond|sqrt(h)|within=iqr|across=mean,A,sn_i_bond,sqrt(h),sqrt,h,iqr,mean,1,inv,d5c975a3acdf,True,f022530,True,0.0466986355030506,True
outer=sq|sn_i_bond|sqrt(h)|within=iqr|across=median,A,sn_i_bond,sqrt(h),sqrt,h,iqr,median,1,sq,569cccdcdaf1,True,f022531,True,3.51409617822646,True
outer=sqrt|sn_i_bond|sqrt(h)|within=iqr|across=median,A,sn_i_bond,sqrt(h),sqrt,h,iqr,median,1,sqrt,2ed354737586,True,f022532,True,1.84442905690899,True
outer=inv|sn_i_bond|sqrt(h)|within=iqr|across=median,A,sn_i_bond,sqrt(h),sqrt,h,iqr,median,1,inv,7b27bf42fa65,True,f022533,True,0.0466986721278807,True
outer=sq|sn_i_bond|sqrt(h)|within=iqr|across=max,A,sn_i_bond,sqrt(h),sqrt,h,iqr,max,1,sq,dcb9f71380f3,True,f022534,True,4.03971229617371,True
outer=sqrt|sn_i_bond|sqrt(h)|within=iqr|across=max,A,sn_i_bond,sqrt(h),sqrt,h,iqr,max,1,sqrt,16217cd671ee,True,f022535,True,1.7451181255324,True
outer=inv|sn_i_bond|sqrt(h)|within=iqr|across=max,A,sn_i_bond,sqrt(h),sqrt,h,iqr,max,1,inv,1559f18da9ad,True,f022536,True,0.0469224348347228,True
outer=sq|sn_i_bond|sqrt(h)|within=iqr|across=range,A,sn_i_bond,sqrt(h),sqrt,h,iqr,range,1,sq,2538e01c0925,True,f022537,True,3.81491833868425,True
outer=sq|sn_i_bond|sqrt(h)|within=max|across=mean,A,sn_i_bond,sqrt(h),sqrt,h,max,mean,1,sq,963f64b1fdaf,True,f022553,True,0.741040065474883,True
outer=sqrt|sn_i_bond|sqrt(h)|within=max|across=mean,A,sn_i_bond,sqrt(h),sqrt,h,max,mean,1,sqrt,c92cf496dc54,True,f022554,True,0.726466241926841,True
outer=inv|sn_i_bond|sqrt(h)|within=max|across=mean,A,sn_i_bond,sqrt(h),sqrt,h,max,mean,1,inv,edbbf7988c21,True,f022555,True,0.711944973118128,True
outer=sq|sn_i_bond|sqrt(h)|within=max|across=median,A,sn_i_bond,sqrt(h),sqrt,h,max,median,1,sq,de9097e1d887,True,f022556,True,0.740353549174085,True
outer=sqrt|sn_i_bond|sqrt(h)|within=max|across=median,A,sn_i_bond,sqrt(h),sqrt,h,max,median,1,sqrt,39c4ecab7d08,True,f022557,True,0.725795966391301,True
outer=inv|sn_i_bond|sqrt(h)|within=max|across=median,A,sn_i_bond,sqrt(h),sqrt,h,max,median,1,inv,3131738d99e1,True,f022558,True,0.711290727157663,True
outer=sqrt|sn_i_bond|sqrt(h)|within=max|across=max,A,sn_i_bond,sqrt(h),sqrt,h,max,max,1,sqrt,2b3015bce5b3,True,f022559,True,0.892794990286056,True
outer=inv|sn_i_bond|sqrt(h)|within=max|across=max,A,sn_i_bond,sqrt(h),sqrt,h,max,max,1,inv,1bc24d7bafef,True,f022560,True,0.871586476828282,True
outer=sq|sn_i_bond|sqrt(h)|within=max|across=range,A,sn_i_bond,sqrt(h),sqrt,h,max,range,1,sq,01db9ddd4067,True,f022561,True,2.5454666299583,True
outer=sqrt|sn_i_bond|sqrt(h)|within=max|across=range,A,sn_i_bond,sqrt(h),sqrt,h,max,range,1,sqrt,3583f975c992,True,f022562,True,2.86968489366157,True
outer=sq|sn_i_bond|sqrt(h)|within=max|across=site_cv,A,sn_i_bond,sqrt(h),sqrt,h,max,site_cv,1,sq,b34ce4d41801,True,f022563,True,2.65299139901257,True
outer=sqrt|sn_i_bond|sqrt(h)|within=max|across=site_cv,A,sn_i_bond,sqrt(h),sqrt,h,max,site_cv,1,sqrt,7714830757cf,True,f022564,True,2.91290677701339,True
outer=sq|sn_i_bond|sqrt(h)|within=top2_deviation|across=mean,A,sn_i_bond,sqrt(h),sqrt,h,top2_deviation,mean,1,sq,edf5abfd4c98,True,f022565,True,2.88068493562876,True
outer=sqrt|sn_i_bond|sqrt(h)|within=top2_deviation|across=mean,A,sn_i_bond,sqrt(h),sqrt,h,top2_deviation,mean,1,sqrt,761b62a6365d,True,f022566,True,1.56361222240178,True
outer=inv|sn_i_bond|sqrt(h)|within=top2_deviation|across=mean,A,sn_i_bond,sqrt(h),sqrt,h,top2_deviation,mean,1,inv,71d693d3d76e,True,f022567,True,0.0292794081836443,True
outer=sq|sn_i_bond|sqrt(h)|within=top2_deviation|across=median,A,sn_i_bond,sqrt(h),sqrt,h,top2_deviation,median,1,sq,5b401ae10729,True,f022568,True,2.87993610571333,True
outer=sqrt|sn_i_bond|sqrt(h)|within=top2_deviation|across=median,A,sn_i_bond,sqrt(h),sqrt,h,top2_deviation,median,1,sqrt,ad7ad826fb0f,True,f022569,True,1.56350289773392,True
outer=inv|sn_i_bond|sqrt(h)|within=top2_deviation|across=median,A,sn_i_bond,sqrt(h),sqrt,h,top2_deviation,median,1,inv,cc4d8b8bb338,True,f022570,True,0.0292793891951421,True
outer=sq|sn_i_bond|sqrt(h)|within=top2_deviation|across=max,A,sn_i_bond,sqrt(h),sqrt,h,top2_deviation,max,1,sq,b2824ed9047f,True,f022571,True,2.35973040445939,True
outer=sqrt|sn_i_bond|sqrt(h)|within=top2_deviation|across=max,A,sn_i_bond,sqrt(h),sqrt,h,top2_deviation,max,1,sqrt,c5ffe93a8819,True,f022572,True,1.48252036885119,True
outer=inv|sn_i_bond|sqrt(h)|within=top2_deviation|across=max,A,sn_i_bond,sqrt(h),sqrt,h,top2_deviation,max,1,inv,536bd13bc99d,True,f022573,True,0.0295072022249218,True
outer=sq|sn_i_bond|sqrt(h)|within=top2_deviation|across=range,A,sn_i_bond,sqrt(h),sqrt,h,top2_deviation,range,1,sq,cb5a96d3d470,True,f022574,True,1.42570793894634,True
outer=sqrt|sn_i_bond|sqrt(h)|within=top2_deviation|across=range,A,sn_i_bond,sqrt(h),sqrt,h,top2_deviation,range,1,sqrt,22286fa0a7e8,True,f022575,True,1.38950155044989,True
outer=sq|sn_i_bond|sqrt(h)|within=top2_deviation|across=site_cv,A,sn_i_bond,sqrt(h),sqrt,h,top2_deviation,site_cv,1,sq,d960eb63425f,True,f022576,True,0.337056378340991,True
outer=sqrt|sn_i_bond|sqrt(h)|within=top2_deviation|across=site_cv,A,sn_i_bond,sqrt(h),sqrt,h,top2_deviation,site_cv,1,sqrt,fa34c9e81643,True,f022577,True,1.02574468610489,True
outer=sq|sn_i_bond|r|within=sd|across=site_cv,A,sn_i_bond,r,identity,r,sd,site_cv,1,sq,5e69be454b19,True,f025275,True,0.260416922740232,True
outer=sqrt|sn_i_bond|r|within=sd|across=site_cv,A,sn_i_bond,r,identity,r,sd,site_cv,1,sqrt,b3fd3bbd8f4a,True,f025276,True,3.05141239786926,True
outer=sq|sn_i_bond|r|within=cv|across=mean,A,sn_i_bond,r,identity,r,cv,mean,1,sq,e79a621a26b7,True,f025277,True,4.17308983185094,True
outer=sqrt|sn_i_bond|r|within=cv|across=mean,A,sn_i_bond,r,identity,r,cv,mean,1,sqrt,7c770334cc2d,True,f025278,True,1.3523088933104,True
outer=inv|sn_i_bond|r|within=cv|across=mean,A,sn_i_bond,r,identity,r,cv,mean,1,inv,63da5813c84b,True,f025279,True,0.10661728942628,True
outer=sq|sn_i_bond|r|within=cv|across=median,A,sn_i_bond,r,identity,r,cv,median,1,sq,34d75fe53576,True,f025280,True,4.16043974499657,True
outer=sqrt|sn_i_bond|r|within=cv|across=median,A,sn_i_bond,r,identity,r,cv,median,1,sqrt,29a477de4442,True,f025281,True,1.34720368395812,True
outer=inv|sn_i_bond|r|within=cv|across=median,A,sn_i_bond,r,identity,r,cv,median,1,inv,cbcf6af9ea39,True,f025282,True,0.106160043233154,True
outer=sq|sn_i_bond|r|within=cv|across=max,A,sn_i_bond,r,identity,r,cv,max,1,sq,ee973a87a4c7,True,f025283,True,3.01510031706239,True
outer=sqrt|sn_i_bond|r|within=cv|across=max,A,sn_i_bond,r,identity,r,cv,max,1,sqrt,dd483a098057,True,f025284,True,0.994165169908938,True
outer=inv|sn_i_bond|r|within=cv|across=max,A,sn_i_bond,r,identity,r,cv,max,1,inv,c9d7cbf6bb91,True,f025285,True,0.0998337028329846,True
outer=sq|sn_i_bond|r|within=cv|across=range,A,sn_i_bond,r,identity,r,cv,range,1,sq,9d2290004d96,True,f025286,True,1.51023121867658,True
outer=sqrt|sn_i_bond|r|within=cv|across=range,A,sn_i_bond,r,identity,r,cv,range,1,sqrt,1fea0da799a5,True,f025287,True,4.44888219512946,True
outer=sq|sn_i_bond|r|within=cv|across=site_cv,A,sn_i_bond,r,identity,r,cv,site_cv,1,sq,1a8a256dd86b,True,f025288,True,0.261236350358309,True
outer=sqrt|sn_i_bond|r|within=cv|across=site_cv,A,sn_i_bond,r,identity,r,cv,site_cv,1,sqrt,4b412bc37088,True,f025289,True,3.05383352087083,True
outer=sq|sn_i_bond|r|within=normalized_range|across=mean,A,sn_i_bond,r,identity,r,normalized_range,mean,1,sq,012f183f534a,True,f025290,True,3.02970142789654,True
outer=sqrt|sn_i_bond|r|within=normalized_range|across=mean,A,sn_i_bond,r,identity,r,normalized_range,mean,1,sqrt,2d40a1cc43ef,True,f025291,True,0.935496695106656,True
outer=inv|sn_i_bond|r|within=normalized_range|across=mean,A,sn_i_bond,r,identity,r,normalized_range,mean,1,inv,e07779ccca18,True,f025292,True,0.0923383674915418,True
outer=sq|sn_i_bond|r|within=normalized_range|across=median,A,sn_i_bond,r,identity,r,normalized_range,median,1,sq,151a1362e0bb,True,f025293,True,3.18963380456839,True
outer=sqrt|sn_i_bond|r|within=normalized_range|across=median,A,sn_i_bond,r,identity,r,normalized_range,median,1,sqrt,0b06a7a431ff,True,f025294,True,0.978124680674486,True
outer=inv|sn_i_bond|r|within=normalized_range|across=median,A,sn_i_bond,r,identity,r,normalized_range,median,1,inv,578768d73042,True,f025295,True,0.0923409759072165,True
outer=sq|sn_i_bond|r|within=normalized_range|across=max,A,sn_i_bond,r,identity,r,normalized_range,max,1,sq,e21b8fa04194,True,f025296,True,1.43792645125714,True
outer=sqrt|sn_i_bond|r|within=normalized_range|across=max,A,sn_i_bond,r,identity,r,normalized_range,max,1,sqrt,2a06facbf3d5,True,f025297,True,0.584667970167995,True
outer=inv|sn_i_bond|r|within=normalized_range|across=max,A,sn_i_bond,r,identity,r,normalized_range,max,1,inv,8d20d9f6ec84,True,f025298,True,0.0918909117043312,True
outer=sq|sn_i_bond|r|within=normalized_range|across=range,A,sn_i_bond,r,identity,r,normalized_range,range,1,sq,e1edbbaeaf24,True,f025299,True,4.38879928349692,True
outer=sqrt|sn_i_bond|r|within=normalized_range|across=range,A,sn_i_bond,r,identity,r,normalized_range,range,1,sqrt,b2559c1b66ae,True,f025300,True,3.11383727105287,True
outer=sq|sn_i_bond|r|within=normalized_range|across=site_cv,A,sn_i_bond,r,identity,r,normalized_range,site_cv,1,sq,6cfb402a05d9,True,f025301,True,1.0420698575955,True
outer=sqrt|sn_i_bond|r|within=normalized_range|across=site_cv,A,sn_i_bond,r,identity,r,normalized_range,site_cv,1,sqrt,936bc2276ec1,True,f025302,True,2.47254793308389,True
outer=sqrt|sn_i_bond|r|within=iqr|across=site_cv,A,sn_i_bond,r,identity,r,iqr,site_cv,1,sqrt,07b9ae5d0df5,True,f025328,True,3.9832847164492,True
outer=sq|sn_i_bond|r|within=min|across=site_cv,A,sn_i_bond,r,identity,r,min,site_cv,1,sq,8b2d5ebd8ce8,True,f025338,True,4.81311009004885,True
outer=sqrt|sn_i_bond|r|within=max|across=site_cv,A,sn_i_bond,r,identity,r,max,site_cv,1,sqrt,05bf9f9e9171,True,f025350,True,4.20554311705843,True
outer=sq|sn_i_bond|r|within=top2_deviation|across=site_cv,A,sn_i_bond,r,identity,r,top2_deviation,site_cv,1,sq,1bafcd8ba213,True,f025362,True,0.191672699228188,True
outer=sq|sn_i_bond|inv(r)|within=sd|across=site_cv,A,sn_i_bond,inv(r),inv,r,sd,site_cv,1,sq,0da24b53bda3,True,f025388,True,0.248004330605816,True
outer=sqrt|sn_i_bond|inv(r)|within=sd|across=site_cv,A,sn_i_bond,inv(r),inv,r,sd,site_cv,1,sqrt,244dc59adba1,True,f025389,True,3.03611251969744,True
outer=sq|sn_i_bond|inv(r)|within=cv|across=mean,A,sn_i_bond,inv(r),inv,r,cv,mean,1,sq,d16073a91ded,True,f025390,True,4.19317817573089,True
outer=sqrt|sn_i_bond|inv(r)|within=cv|across=mean,A,sn_i_bond,inv(r),inv,r,cv,mean,1,sqrt,843ac2905e8a,True,f025391,True,1.35968297024128,True
outer=inv|sn_i_bond|inv(r)|within=cv|across=mean,A,sn_i_bond,inv(r),inv,r,cv,mean,1,inv,5013b8ac5ad5,True,f025392,True,0.108193705269125,True
outer=sq|sn_i_bond|inv(r)|within=cv|across=median,A,sn_i_bond,inv(r),inv,r,cv,median,1,sq,0f559949b8c2,True,f025393,True,4.17597467163481,True
outer=sqrt|sn_i_bond|inv(r)|within=cv|across=median,A,sn_i_bond,inv(r),inv,r,cv,median,1,sqrt,d8da8b638bc8,True,f025394,True,1.35396545102999,True
outer=inv|sn_i_bond|inv(r)|within=cv|across=median,A,sn_i_bond,inv(r),inv,r,cv,median,1,inv,ab28e59716c1,True,f025395,True,0.10771315702044,True
outer=sq|sn_i_bond|inv(r)|within=cv|across=max,A,sn_i_bond,inv(r),inv,r,cv,max,1,sq,d1809582eee4,True,f025396,True,3.1192231789521,True
outer=sqrt|sn_i_bond|inv(r)|within=cv|across=max,A,sn_i_bond,inv(r),inv,r,cv,max,1,sqrt,63f055a4ec00,True,f025397,True,1.02139630302359,True
outer=inv|sn_i_bond|inv(r)|within=cv|across=max,A,sn_i_bond,inv(r),inv,r,cv,max,1,inv,c6b08759d498,True,f025398,True,0.100387426409385,True
outer=sq|sn_i_bond|inv(r)|within=cv|across=range,A,sn_i_bond,inv(r),inv,r,cv,range,1,sq,eaa2e6e1e15e,True,f025399,True,1.40785386195257,True
outer=sqrt|sn_i_bond|inv(r)|within=cv|across=range,A,sn_i_bond,inv(r),inv,r,cv,range,1,sqrt,dce3bb98b308,True,f025400,True,4.40434854391523,True
outer=sq|sn_i_bond|inv(r)|within=cv|across=site_cv,A,sn_i_bond,inv(r),inv,r,cv,site_cv,1,sq,4d7cc87e1f5b,True,f025401,True,0.247084535571912,True
outer=sqrt|sn_i_bond|inv(r)|within=cv|across=site_cv,A,sn_i_bond,inv(r),inv,r,cv,site_cv,1,sqrt,e101f1de6ac9,True,f025402,True,3.03339742119584,True
outer=sq|sn_i_bond|inv(r)|within=normalized_range|across=mean,A,sn_i_bond,inv(r),inv,r,normalized_range,mean,1,sq,1e6d3c44a28b,True,f025403,True,3.1304708826407,True
outer=sqrt|sn_i_bond|inv(r)|within=normalized_range|across=mean,A,sn_i_bond,inv(r),inv,r,normalized_range,mean,1,sqrt,7bf18a32dedc,True,f025404,True,0.961408411185705,True
outer=inv|sn_i_bond|inv(r)|within=normalized_range|across=mean,A,sn_i_bond,inv(r),inv,r,normalized_range,mean,1,inv,0811c204f2f3,True,f025405,True,0.0915940297127633,True
outer=sq|sn_i_bond|inv(r)|within=normalized_range|across=median,A,sn_i_bond,inv(r),inv,r,normalized_range,median,1,sq,d544cdb3db0b,True,f025406,True,3.2953870171777,True
outer=sqrt|sn_i_bond|inv(r)|within=normalized_range|across=median,A,sn_i_bond,inv(r),inv,r,normalized_range,median,1,sqrt,75e61fbb2f67,True,f025407,True,1.01153542041825,True
outer=inv|sn_i_bond|inv(r)|within=normalized_range|across=median,A,sn_i_bond,inv(r),inv,r,normalized_range,median,1,inv,3924d9634add,True,f025408,True,0.0915967263909965,True
outer=sq|sn_i_bond|inv(r)|within=normalized_range|across=max,A,sn_i_bond,inv(r),inv,r,normalized_range,max,1,sq,dd1ca0ffc2ad,True,f025409,True,1.46085729405193,True
outer=sqrt|sn_i_bond|inv(r)|within=normalized_range|across=max,A,sn_i_bond,inv(r),inv,r,normalized_range,max,1,sqrt,fc4b93754103,True,f025410,True,0.578784356304474,True
outer=inv|sn_i_bond|inv(r)|within=normalized_range|across=max,A,sn_i_bond,inv(r),inv,r,normalized_range,max,1,inv,44c3e695d34d,True,f025411,True,0.0911559409760791,True
outer=sq|sn_i_bond|inv(r)|within=normalized_range|across=range,A,sn_i_bond,inv(r),inv,r,normalized_range,range,1,sq,d737193eff21,True,f025412,True,4.08684116727652,True
outer=sqrt|sn_i_bond|inv(r)|within=normalized_range|across=range,A,sn_i_bond,inv(r),inv,r,normalized_range,range,1,sqrt,0d315b2513ef,True,f025413,True,3.10236028747296,True
outer=sq|sn_i_bond|inv(r)|within=normalized_range|across=site_cv,A,sn_i_bond,inv(r),inv,r,normalized_range,site_cv,1,sq,58985ea744a2,True,f025414,True,0.994155139718199,True
outer=sqrt|sn_i_bond|inv(r)|within=normalized_range|across=site_cv,A,sn_i_bond,inv(r),inv,r,normalized_range,site_cv,1,sqrt,531a1785df9a,True,f025415,True,2.47206144745245,True
outer=sqrt|sn_i_bond|inv(r)|within=iqr|across=site_cv,A,sn_i_bond,inv(r),inv,r,iqr,site_cv,1,sqrt,a3311a38ae3e,True,f025441,True,4.14258059994451,True
outer=sqrt|sn_i_bond|inv(r)|within=min|across=site_cv,A,sn_i_bond,inv(r),inv,r,min,site_cv,1,sqrt,1eb7c8fc0132,True,f025454,True,4.20571067238283,True
outer=sq|sn_i_bond|inv(r)|within=max|across=site_cv,A,sn_i_bond,inv(r),inv,r,max,site_cv,1,sq,7dca536b0da4,True,f025466,True,4.81298626571844,True
outer=sq|sn_i_bond|inv(r)|within=top2_deviation|across=site_cv,A,sn_i_bond,inv(r),inv,r,top2_deviation,site_cv,1,sq,368e73a4294e,True,f025479,True,0.178167917843328,True
outer=sq|sn_i_bond|sq(r)|within=sd|across=site_cv,A,sn_i_bond,sq(r),sq,r,sd,site_cv,1,sq,aeb6a138aa40,True,f025505,True,0.266963466431283,True
outer=sqrt|sn_i_bond|sq(r)|within=sd|across=site_cv,A,sn_i_bond,sq(r),sq,r,sd,site_cv,1,sqrt,fe67d99b5c1b,True,f025506,True,3.05849631114494,True
outer=sq|sn_i_bond|sq(r)|within=cv|across=mean,A,sn_i_bond,sq(r),sq,r,cv,mean,1,sq,cb226b561eff,True,f025507,True,4.15536538314551,True
outer=sqrt|sn_i_bond|sq(r)|within=cv|across=mean,A,sn_i_bond,sq(r),sq,r,cv,mean,1,sqrt,5c9bd6941133,True,f025508,True,1.34755316056468,True
outer=inv|sn_i_bond|sq(r)|within=cv|across=mean,A,sn_i_bond,sq(r),sq,r,cv,mean,1,inv,212dc28f2be4,True,f025509,True,0.105810877574923,True
outer=sq|sn_i_bond|sq(r)|within=cv|across=median,A,sn_i_bond,sq(r),sq,r,cv,median,1,sq,f73dd33a94da,True,f025510,True,4.1429930902102,True
outer=sqrt|sn_i_bond|sq(r)|within=cv|across=median,A,sn_i_bond,sq(r),sq,r,cv,median,1,sqrt,8659b5bd0389,True,f025511,True,1.34254679436409,True
outer=inv|sn_i_bond|sq(r)|within=cv|across=median,A,sn_i_bond,sq(r),sq,r,cv,median,1,inv,fb1df067d073,True,f025512,True,0.105363726279379,True
outer=sq|sn_i_bond|sq(r)|within=cv|across=max,A,sn_i_bond,sq(r),sq,r,cv,max,1,sq,1c0e1283be91,True,f025513,True,2.96217190506349,True
outer=sqrt|sn_i_bond|sq(r)|within=cv|across=max,A,sn_i_bond,sq(r),sq,r,cv,max,1,sqrt,df0463e44468,True,f025514,True,0.980224672713709,True
outer=inv|sn_i_bond|sq(r)|within=cv|across=max,A,sn_i_bond,sq(r),sq,r,cv,max,1,inv,ca41cdb346b4,True,f025515,True,0.099551731321228,True
outer=sq|sn_i_bond|sq(r)|within=cv|across=range,A,sn_i_bond,sq(r),sq,r,cv,range,1,sq,2d2f7bb0dbbe,True,f025516,True,1.56304298407257,True
outer=sqrt|sn_i_bond|sq(r)|within=cv|across=range,A,sn_i_bond,sq(r),sq,r,cv,range,1,sqrt,4ab5af081e78,True,f025517,True,4.4694628329548,True
outer=sq|sn_i_bond|sq(r)|within=cv|across=site_cv,A,sn_i_bond,sq(r),sq,r,cv,site_cv,1,sq,eb276fed12c8,True,f025518,True,0.268495090916138,True
outer=sqrt|sn_i_bond|sq(r)|within=cv|across=site_cv,A,sn_i_bond,sq(r),sq,r,cv,site_cv,1,sqrt,dbb1e64c8ba2,True,f025519,True,3.06304152476725,True
outer=sq|sn_i_bond|sq(r)|within=normalized_range|across=mean,A,sn_i_bond,sq(r),sq,r,normalized_range,mean,1,sq,7ad5ba9f9990,True,f025520,True,2.98054634319126,True
outer=sqrt|sn_i_bond|sq(r)|within=normalized_range|across=mean,A,sn_i_bond,sq(r),sq,r,normalized_range,mean,1,sqrt,b04c4e8968d7,True,f025521,True,0.935759090412244,True
outer=inv|sn_i_bond|sq(r)|within=normalized_range|across=mean,A,sn_i_bond,sq(r),sq,r,normalized_range,mean,1,inv,5d352520e299,True,f025522,True,0.0927067978854775,True
outer=sq|sn_i_bond|sq(r)|within=normalized_range|across=median,A,sn_i_bond,sq(r),sq,r,normalized_range,median,1,sq,89eaf14abc91,True,f025523,True,3.13801074752303,True
outer=sqrt|sn_i_bond|sq(r)|within=normalized_range|across=median,A,sn_i_bond,sq(r),sq,r,normalized_range,median,1,sqrt,570e78de7923,True,f025524,True,0.961833943751945,True
outer=inv|sn_i_bond|sq(r)|within=normalized_range|across=median,A,sn_i_bond,sq(r),sq,r,normalized_range,median,1,inv,a7f666f41485,True,f025525,True,0.0927093624869884,True
outer=sq|sn_i_bond|sq(r)|within=normalized_range|across=max,A,sn_i_bond,sq(r),sq,r,normalized_range,max,1,sq,101ef913cab1,True,f025526,True,1.42619613390165,True
outer=sqrt|sn_i_bond|sq(r)|within=normalized_range|across=max,A,sn_i_bond,sq(r),sq,r,normalized_range,max,1,sqrt,68667253ba4f,True,f025527,True,0.587579161025033,True
outer=inv|sn_i_bond|sq(r)|within=normalized_range|across=max,A,sn_i_bond,sq(r),sq,r,normalized_range,max,1,inv,cc6a7a1722e8,True,f025528,True,0.0922546054732903,True
outer=sq|sn_i_bond|sq(r)|within=normalized_range|across=range,A,sn_i_bond,sq(r),sq,r,normalized_range,range,1,sq,f7931cd11e2f,True,f025529,True,4.54602728240796,True
outer=sqrt|sn_i_bond|sq(r)|within=normalized_range|across=range,A,sn_i_bond,sq(r),sq,r,normalized_range,range,1,sqrt,24cc4cee103c,True,f025530,True,3.11924983309875,True
outer=sq|sn_i_bond|sq(r)|within=normalized_range|across=site_cv,A,sn_i_bond,sq(r),sq,r,normalized_range,site_cv,1,sq,2cacbb447b58,True,f025531,True,1.06661803123741,True
outer=sqrt|sn_i_bond|sq(r)|within=normalized_range|across=site_cv,A,sn_i_bond,sq(r),sq,r,normalized_range,site_cv,1,sqrt,c5e08f8dcff1,True,f025532,True,2.47252926568095,True
outer=sqrt|sn_i_bond|sq(r)|within=iqr|across=site_cv,A,sn_i_bond,sq(r),sq,r,iqr,site_cv,1,sqrt,780be643aefc,True,f025558,True,3.9076049290367,True
outer=sq|sn_i_bond|sq(r)|within=min|across=site_cv,A,sn_i_bond,sq(r),sq,r,min,site_cv,1,sq,2b742a0c9cd3,True,f025569,True,4.81327197914697,True
outer=sqrt|sn_i_bond|sq(r)|within=max|across=site_cv,A,sn_i_bond,sq(r),sq,r,max,site_cv,1,sqrt,1446b49b2f97,True,f025582,True,4.20544635201275,True
outer=sq|sn_i_bond|sq(r)|within=top2_deviation|across=site_cv,A,sn_i_bond,sq(r),sq,r,top2_deviation,site_cv,1,sq,21d8713a52dc,True,f025594,True,0.198750378328007,True
outer=sq|sn_i_bond|sqrt(r)|within=sd|across=site_cv,A,sn_i_bond,sqrt(r),sqrt,r,sd,site_cv,1,sq,1b100cb5f4d0,True,f025620,True,0.257229414573769,True
outer=sqrt|sn_i_bond|sqrt(r)|within=sd|across=site_cv,A,sn_i_bond,sqrt(r),sqrt,r,sd,site_cv,1,sqrt,a5e1e89b091a,True,f025621,True,3.04773145863137,True
outer=sq|sn_i_bond|sqrt(r)|within=cv|across=mean,A,sn_i_bond,sqrt(r),sqrt,r,cv,mean,1,sq,b66515635a35,True,f025622,True,4.18147829651185,True
outer=sqrt|sn_i_bond|sqrt(r)|within=cv|across=mean,A,sn_i_bond,sqrt(r),sqrt,r,cv,mean,1,sqrt,b96452dd2689,True,f025623,True,1.3545688004079,True
outer=inv|sn_i_bond|sqrt(r)|within=cv|across=mean,A,sn_i_bond,sqrt(r),sqrt,r,cv,mean,1,inv,4ec631ecd43f,True,f025624,True,0.107016887315409,True
outer=sq|sn_i_bond|sqrt(r)|within=cv|across=median,A,sn_i_bond,sqrt(r),sqrt,r,cv,median,1,sq,92a9189ae262,True,f025625,True,4.16550961787799,True
outer=sqrt|sn_i_bond|sqrt(r)|within=cv|across=median,A,sn_i_bond,sqrt(r),sqrt,r,cv,median,1,sqrt,3bfb34e572f8,True,f025626,True,1.34908571025679,True
outer=inv|sn_i_bond|sqrt(r)|within=cv|across=median,A,sn_i_bond,sqrt(r),sqrt,r,cv,median,1,inv,d86e2dd20529,True,f025627,True,0.106552510933133,True
outer=sq|sn_i_bond|sqrt(r)|within=cv|across=max,A,sn_i_bond,sqrt(r),sqrt,r,cv,max,1,sq,9daf01bbaa2f,True,f025628,True,3.04135552002423,True
outer=sqrt|sn_i_bond|sqrt(r)|within=cv|across=max,A,sn_i_bond,sqrt(r),sqrt,r,cv,max,1,sqrt,9df642cbeeb3,True,f025629,True,1.00105496635942,True
outer=inv|sn_i_bond|sqrt(r)|within=cv|across=max,A,sn_i_bond,sqrt(r),sqrt,r,cv,max,1,inv,e0b587129cae,True,f025630,True,0.0999734231874005,True
outer=sq|sn_i_bond|sqrt(r)|within=cv|across=range,A,sn_i_bond,sqrt(r),sqrt,r,cv,range,1,sq,a6995f931c3c,True,f025631,True,1.4842259188855,True
outer=sqrt|sn_i_bond|sqrt(r)|within=cv|across=range,A,sn_i_bond,sqrt(r),sqrt,r,cv,range,1,sqrt,1e79c94105a5,True,f025632,True,4.43817215656107,True
outer=sq|sn_i_bond|sqrt(r)|within=cv|across=site_cv,A,sn_i_bond,sqrt(r),sqrt,r,cv,site_cv,1,sq,df845f0620bb,True,f025633,True,0.257652098091618,True
outer=sqrt|sn_i_bond|sqrt(r)|within=cv|across=site_cv,A,sn_i_bond,sqrt(r),sqrt,r,cv,site_cv,1,sqrt,01c3770e00c3,True,f025634,True,3.048978951181,True
outer=sq|sn_i_bond|sqrt(r)|within=normalized_range|across=mean,A,sn_i_bond,sqrt(r),sqrt,r,normalized_range,mean,1,sq,9165d3e1c1b2,True,f025635,True,3.05458821511806,True
outer=sqrt|sn_i_bond|sqrt(r)|within=normalized_range|across=mean,A,sn_i_bond,sqrt(r),sqrt,r,normalized_range,mean,1,sqrt,b498d975ef2a,True,f025636,True,0.937409786272814,True
outer=inv|sn_i_bond|sqrt(r)|within=normalized_range|across=mean,A,sn_i_bond,sqrt(r),sqrt,r,normalized_range,mean,1,inv,b93cb6509015,True,f025637,True,0.0921532360949102,True
outer=sq|sn_i_bond|sqrt(r)|within=normalized_range|across=median,A,sn_i_bond,sqrt(r),sqrt,r,normalized_range,median,1,sq,eb13f8590624,True,f025638,True,3.21576056102862,True
outer=sqrt|sn_i_bond|sqrt(r)|within=normalized_range|across=median,A,sn_i_bond,sqrt(r),sqrt,r,normalized_range,median,1,sqrt,3f74153e5590,True,f025639,True,0.986374187348938,True
outer=inv|sn_i_bond|sqrt(r)|within=normalized_range|across=median,A,sn_i_bond,sqrt(r),sqrt,r,normalized_range,median,1,inv,d0bcdab03ef4,True,f025640,True,0.0921558664985969,True
outer=sq|sn_i_bond|sqrt(r)|within=normalized_range|across=max,A,sn_i_bond,sqrt(r),sqrt,r,normalized_range,max,1,sq,62a0d1a1c229,True,f025641,True,1.44372590383574,True
outer=sqrt|sn_i_bond|sqrt(r)|within=normalized_range|across=max,A,sn_i_bond,sqrt(r),sqrt,r,normalized_range,max,1,sqrt,9b3f0e4dd6c0,True,f025642,True,0.583204987047698,True
outer=inv|sn_i_bond|sqrt(r)|within=normalized_range|across=max,A,sn_i_bond,sqrt(r),sqrt,r,normalized_range,max,1,inv,b4caa9c665fd,True,f025643,True,0.0917081416485478,True
outer=sq|sn_i_bond|sqrt(r)|within=normalized_range|across=range,A,sn_i_bond,sqrt(r),sqrt,r,normalized_range,range,1,sq,e4f882e98aae,True,f025644,True,4.31174350636348,True
outer=sqrt|sn_i_bond|sqrt(r)|within=normalized_range|across=range,A,sn_i_bond,sqrt(r),sqrt,r,normalized_range,range,1,sqrt,339c38e4e841,True,f025645,True,3.11104838321761,True
outer=sq|sn_i_bond|sqrt(r)|within=normalized_range|across=site_cv,A,sn_i_bond,sqrt(r),sqrt,r,normalized_range,site_cv,1,sq,440a7df0d2e9,True,f025646,True,1.02994097058587,True
outer=sqrt|sn_i_bond|sqrt(r)|within=normalized_range|across=site_cv,A,sn_i_bond,sqrt(r),sqrt,r,normalized_range,site_cv,1,sqrt,198b079d2fad,True,f025647,True,2.47249122312323,True
outer=sqrt|sn_i_bond|sqrt(r)|within=iqr|across=site_cv,A,sn_i_bond,sqrt(r),sqrt,r,iqr,site_cv,1,sqrt,1cfbb3117783,True,f025673,True,4.02208812392879,True
outer=sq|sn_i_bond|sqrt(r)|within=min|across=site_cv,A,sn_i_bond,sqrt(r),sqrt,r,min,site_cv,1,sq,98943c974a0a,True,f025684,True,4.8130541401262,True
outer=sqrt|sn_i_bond|sqrt(r)|within=max|across=site_cv,A,sn_i_bond,sqrt(r),sqrt,r,max,site_cv,1,sqrt,58d2411a7fb0,True,f025697,True,4.20558825223354,True
outer=sq|sn_i_bond|sqrt(r)|within=top2_deviation|across=site_cv,A,sn_i_bond,sqrt(r),sqrt,r,top2_deviation,site_cv,1,sq,451158549eba,True,f025709,True,0.188215480960753,True
"outer=sq|sn_i_bond|mult(d,h)|within=sd|across=site_cv",A,sn_i_bond,"mult(d,h)",mult,d+h,sd,site_cv,1,sq,f5074b6ff881,True,f042410,True,0.17866748596411,True
"outer=sqrt|sn_i_bond|mult(d,h)|within=sd|across=site_cv",A,sn_i_bond,"mult(d,h)",mult,d+h,sd,site_cv,1,sqrt,178202cd1641,True,f042411,True,1.53265325474533,True
"outer=sq|sn_i_bond|mult(d,h)|within=cv|across=mean",A,sn_i_bond,"mult(d,h)",mult,d+h,cv,mean,1,sq,dc52fd69d3d3,True,f042412,True,0.823447951494991,True
"outer=sqrt|sn_i_bond|mult(d,h)|within=cv|across=mean",A,sn_i_bond,"mult(d,h)",mult,d+h,cv,mean,1,sqrt,963deeaf3c13,True,f042413,True,0.32861013029564,True
"outer=inv|sn_i_bond|mult(d,h)|within=cv|across=mean",A,sn_i_bond,"mult(d,h)",mult,d+h,cv,mean,1,inv,46500bea9509,True,f042414,True,0.0246836665784904,True
"outer=sq|sn_i_bond|mult(d,h)|within=cv|across=median",A,sn_i_bond,"mult(d,h)",mult,d+h,cv,median,1,sq,4a999b159527,True,f042415,True,0.821530651031638,True
"outer=sqrt|sn_i_bond|mult(d,h)|within=cv|across=median",A,sn_i_bond,"mult(d,h)",mult,d+h,cv,median,1,sqrt,6e733b811d5b,True,f042416,True,0.328599530186014,True
"outer=inv|sn_i_bond|mult(d,h)|within=cv|across=median",A,sn_i_bond,"mult(d,h)",mult,d+h,cv,median,1,inv,58e1c373adf5,True,f042417,True,0.0246836377247929,True
"outer=sq|sn_i_bond|mult(d,h)|within=cv|across=max",A,sn_i_bond,"mult(d,h)",mult,d+h,cv,max,1,sq,b63538d8c263,True,f042418,True,1.98502508990947,True
"outer=sqrt|sn_i_bond|mult(d,h)|within=cv|across=max",A,sn_i_bond,"mult(d,h)",mult,d+h,cv,max,1,sqrt,22e96aaa8f7e,True,f042419,True,0.644033154266365,True
"outer=inv|sn_i_bond|mult(d,h)|within=cv|across=max",A,sn_i_bond,"mult(d,h)",mult,d+h,cv,max,1,inv,adcd32746fae,True,f042420,True,0.0310058441883828,True
"outer=sq|sn_i_bond|mult(d,h)|within=cv|across=range",A,sn_i_bond,"mult(d,h)",mult,d+h,cv,range,1,sq,e4b70268bbf4,True,f042421,True,0.974353332118491,True
"outer=sqrt|sn_i_bond|mult(d,h)|within=cv|across=range",A,sn_i_bond,"mult(d,h)",mult,d+h,cv,range,1,sqrt,5399f52ff541,True,f042422,True,2.47293870133888,True
"outer=sq|sn_i_bond|mult(d,h)|within=cv|across=site_cv",A,sn_i_bond,"mult(d,h)",mult,d+h,cv,site_cv,1,sq,a169e2b6d6c4,True,f042423,True,0.185427365578512,True
"outer=sqrt|sn_i_bond|mult(d,h)|within=cv|across=site_cv",A,sn_i_bond,"mult(d,h)",mult,d+h,cv,site_cv,1,sqrt,984a1fc31206,True,f042424,True,1.57986939863095,True
"outer=sq|sn_i_bond|mult(d,h)|within=normalized_range|across=mean",A,sn_i_bond,"mult(d,h)",mult,d+h,normalized_range,mean,1,sq,1c14f388bf26,True,f042425,True,1.36258363375923,True
"outer=sqrt|sn_i_bond|mult(d,h)|within=normalized_range|across=mean",A,sn_i_bond,"mult(d,h)",mult,d+h,normalized_range,mean,1,sqrt,2bd42ba7525d,True,f042426,True,0.893946184361552,True
"outer=inv|sn_i_bond|mult(d,h)|within=normalized_range|across=mean",A,sn_i_bond,"mult(d,h)",mult,d+h,normalized_range,mean,1,inv,faf9956e5574,True,f042427,True,0.0610201715334849,True
"outer=sq|sn_i_bond|mult(d,h)|within=normalized_range|across=median",A,sn_i_bond,"mult(d,h)",mult,d+h,normalized_range,median,1,sq,ac8e842f765b,True,f042428,True,1.36233420411713,True
"outer=sqrt|sn_i_bond|mult(d,h)|within=normalized_range|across=median",A,sn_i_bond,"mult(d,h)",mult,d+h,normalized_range,median,1,sqrt,a868eefdabf9,True,f042429,True,0.893899174503246,True
"outer=inv|sn_i_bond|mult(d,h)|within=normalized_range|across=median",A,sn_i_bond,"mult(d,h)",mult,d+h,normalized_range,median,1,inv,6a7f37a7bc45,True,f042430,True,0.0610200756400568,True
"outer=sq|sn_i_bond|mult(d,h)|within=normalized_range|across=max",A,sn_i_bond,"mult(d,h)",mult,d+h,normalized_range,max,1,sq,4a15410bc38a,True,f042431,True,1.07457002729949,True
"outer=sqrt|sn_i_bond|mult(d,h)|within=normalized_range|across=max",A,sn_i_bond,"mult(d,h)",mult,d+h,normalized_range,max,1,sqrt,4c6647e15c6c,True,f042432,True,0.832976048537977,True
"outer=inv|sn_i_bond|mult(d,h)|within=normalized_range|across=max",A,sn_i_bond,"mult(d,h)",mult,d+h,normalized_range,max,1,inv,b2019e3ec188,True,f042433,True,0.0736329947259206,True
"outer=sq|sn_i_bond|mult(d,h)|within=normalized_range|across=range",A,sn_i_bond,"mult(d,h)",mult,d+h,normalized_range,range,1,sq,f932a54706b2,True,f042434,True,1.33845730032198,True
"outer=sqrt|sn_i_bond|mult(d,h)|within=normalized_range|across=range",A,sn_i_bond,"mult(d,h)",mult,d+h,normalized_range,range,1,sqrt,f722b5a8a0c6,True,f042435,True,1.53422370688258,True
"outer=sq|sn_i_bond|mult(d,h)|within=normalized_range|across=site_cv",A,sn_i_bond,"mult(d,h)",mult,d+h,normalized_range,site_cv,1,sq,061bae0b3136,True,f042436,True,0.387496756276313,True
"outer=sqrt|sn_i_bond|mult(d,h)|within=normalized_range|across=site_cv",A,sn_i_bond,"mult(d,h)",mult,d+h,normalized_range,site_cv,1,sqrt,8a9af7f29261,True,f042437,True,1.09812205746545,True
"outer=sq|sn_i_bond|mult(d,h)|within=mad|across=site_cv",A,sn_i_bond,"mult(d,h)",mult,d+h,mad,site_cv,1,sq,d32f9c887d53,True,f042449,True,2.89628383775392,True
"outer=sqrt|sn_i_bond|mult(d,h)|within=mad|across=site_cv",A,sn_i_bond,"mult(d,h)",mult,d+h,mad,site_cv,1,sqrt,197e0d03257c,True,f042450,True,3.44179803629875,True
"outer=sq|sn_i_bond|mult(d,h)|within=iqr|across=site_cv",A,sn_i_bond,"mult(d,h)",mult,d+h,iqr,site_cv,1,sq,51f68fe5280b,True,f042462,True,2.35084637038999,True
"outer=sqrt|sn_i_bond|mult(d,h)|within=iqr|across=site_cv",A,sn_i_bond,"mult(d,h)",mult,d+h,iqr,site_cv,1,sqrt,614f1b67f22f,True,f042463,True,2.37416738145945,True
"outer=sq|sn_i_bond|mult(d,h)|within=min|across=site_cv",A,sn_i_bond,"mult(d,h)",mult,d+h,min,site_cv,1,sq,bf53cb7f7fd3,True,f042475,True,2.64675892999424,True
"outer=sqrt|sn_i_bond|mult(d,h)|within=min|across=site_cv",A,sn_i_bond,"mult(d,h)",mult,d+h,min,site_cv,1,sqrt,444f7be084a9,True,f042476,True,3.35498780339498,True
"outer=sq|sn_i_bond|mult(d,h)|within=max|across=site_cv",A,sn_i_bond,"mult(d,h)",mult,d+h,max,site_cv,1,sq,e76ea8dfaea8,True,f042488,True,1.64588667483935,True
"outer=sqrt|sn_i_bond|mult(d,h)|within=max|across=site_cv",A,sn_i_bond,"mult(d,h)",mult,d+h,max,site_cv,1,sqrt,fe548e0564f1,True,f042489,True,1.58255201779645,True
"outer=sq|sn_i_bond|mult(d,h)|within=top2_deviation|across=site_cv",A,sn_i_bond,"mult(d,h)",mult,d+h,top2_deviation,site_cv,1,sq,1030ea08f698,True,f042501,True,0.128838966411099,True
"outer=sqrt|sn_i_bond|mult(d,h)|within=top2_deviation|across=site_cv",A,sn_i_bond,"mult(d,h)",mult,d+h,top2_deviation,site_cv,1,sqrt,ec5d61d5170c,True,f042502,True,0.612318924941966,True
"outer=sq|sn_i_bond|div(d,h)|within=cv|across=site_cv",A,sn_i_bond,"div(d,h)",div,d+h,cv,site_cv,1,sq,d764942f62b0,True,f042540,True,4.97310331415064,True
"outer=sq|sn_i_bond|div(d,h)|within=top2_deviation|across=site_cv",A,sn_i_bond,"div(d,h)",div,d+h,top2_deviation,site_cv,1,sq,ae83dc8d44e1,True,f042618,True,3.9043579218875,True
"outer=sq|sn_i_bond|div(h,d)|within=top2_deviation|across=site_cv",A,sn_i_bond,"div(h,d)",div_reverse,d+h,top2_deviation,site_cv,1,sq,eb521f42c1a6,True,f042734,True,3.81454886604764,True
"outer=sq|sn_i_bond|add(d,r)|within=mean|across=site_cv",A,sn_i_bond,"add(d,r)",add,d+r,mean,site_cv,1,sq,879c78d13cc1,True,f045187,True,3.13324564541741,True
"outer=sqrt|sn_i_bond|add(d,r)|within=mean|across=site_cv",A,sn_i_bond,"add(d,r)",add,d+r,mean,site_cv,1,sqrt,d7a5dfaed480,True,f045188,True,1.18006574519555,True
"outer=sq|sn_i_bond|add(d,r)|within=sd|across=site_cv",A,sn_i_bond,"add(d,r)",add,d+r,sd,site_cv,1,sq,c0e0a9f5cb06,True,f045200,True,0.0094051652562269,True
"outer=sqrt|sn_i_bond|add(d,r)|within=sd|across=site_cv",A,sn_i_bond,"add(d,r)",add,d+r,sd,site_cv,1,sqrt,d273a5d30277,True,f045201,True,0.272579947938813,True
"outer=sq|sn_i_bond|add(d,r)|within=cv|across=mean",A,sn_i_bond,"add(d,r)",add,d+r,cv,mean,1,sq,69c1f708ff61,True,f045202,True,0.31737708512708,True
"outer=sqrt|sn_i_bond|add(d,r)|within=cv|across=mean",A,sn_i_bond,"add(d,r)",add,d+r,cv,mean,1,sqrt,716d1c478371,True,f045203,True,0.120905911127928,True
"outer=inv|sn_i_bond|add(d,r)|within=cv|across=mean",A,sn_i_bond,"add(d,r)",add,d+r,cv,mean,1,inv,0d8471d9fb9d,True,f045204,True,0.0230700599041549,True
"outer=sq|sn_i_bond|add(d,r)|within=cv|across=median",A,sn_i_bond,"add(d,r)",add,d+r,cv,median,1,sq,a5079afeaae7,True,f045205,True,0.314423026218243,True
"outer=sqrt|sn_i_bond|add(d,r)|within=cv|across=median",A,sn_i_bond,"add(d,r)",add,d+r,cv,median,1,sqrt,3247f85907a1,True,f045206,True,0.119749115607049,True
"outer=inv|sn_i_bond|add(d,r)|within=cv|across=median",A,sn_i_bond,"add(d,r)",add,d+r,cv,median,1,inv,12c600d20eaa,True,f045207,True,0.0230699029632639,True
"outer=sq|sn_i_bond|add(d,r)|within=cv|across=max",A,sn_i_bond,"add(d,r)",add,d+r,cv,max,1,sq,f68cbdc0122b,True,f045208,True,0.224552839445726,True
"outer=sqrt|sn_i_bond|add(d,r)|within=cv|across=max",A,sn_i_bond,"add(d,r)",add,d+r,cv,max,1,sqrt,72de7783f38f,True,f045209,True,0.0969600963045697,True
"outer=inv|sn_i_bond|add(d,r)|within=cv|across=max",A,sn_i_bond,"add(d,r)",add,d+r,cv,max,1,inv,06381ad4da2c,True,f045210,True,0.0308158738704173,True
"outer=sq|sn_i_bond|add(d,r)|within=cv|across=range",A,sn_i_bond,"add(d,r)",add,d+r,cv,range,1,sq,17afdbc29e3c,True,f045211,True,0.0445757361522279,True
"outer=sqrt|sn_i_bond|add(d,r)|within=cv|across=range",A,sn_i_bond,"add(d,r)",add,d+r,cv,range,1,sqrt,839a56d7d871,True,f045212,True,0.37796744718322,True
"outer=sq|sn_i_bond|add(d,r)|within=cv|across=site_cv",A,sn_i_bond,"add(d,r)",add,d+r,cv,site_cv,1,sq,b1fe36a5bef8,True,f045213,True,0.009638631308737,True
"outer=sqrt|sn_i_bond|add(d,r)|within=cv|across=site_cv",A,sn_i_bond,"add(d,r)",add,d+r,cv,site_cv,1,sqrt,257b31f163ed,True,f045214,True,0.270187550410903,True
"outer=sq|sn_i_bond|add(d,r)|within=normalized_range|across=mean",A,sn_i_bond,"add(d,r)",add,d+r,normalized_range,mean,1,sq,eaf2a01db18e,True,f045215,True,0.196396428085651,True
"outer=sqrt|sn_i_bond|add(d,r)|within=normalized_range|across=mean",A,sn_i_bond,"add(d,r)",add,d+r,normalized_range,mean,1,sqrt,5dc9a0c90f9d,True,f045216,True,0.1635813872279,True
"outer=inv|sn_i_bond|add(d,r)|within=normalized_range|across=mean",A,sn_i_bond,"add(d,r)",add,d+r,normalized_range,mean,1,inv,bee3cf7fb4c4,True,f045217,True,0.0463502304360901,True
"outer=sq|sn_i_bond|add(d,r)|within=normalized_range|across=median",A,sn_i_bond,"add(d,r)",add,d+r,normalized_range,median,1,sq,b945a817f3c6,True,f045218,True,0.191048290358145,True
"outer=sqrt|sn_i_bond|add(d,r)|within=normalized_range|across=median",A,sn_i_bond,"add(d,r)",add,d+r,normalized_range,median,1,sqrt,b15d84b0b72a,True,f045219,True,0.16357259205837,True
"outer=inv|sn_i_bond|add(d,r)|within=normalized_range|across=median",A,sn_i_bond,"add(d,r)",add,d+r,normalized_range,median,1,inv,742d8e08c9e5,True,f045220,True,0.0463499569925232,True
"outer=sq|sn_i_bond|add(d,r)|within=normalized_range|across=max",A,sn_i_bond,"add(d,r)",add,d+r,normalized_range,max,1,sq,1d71fb6161fc,True,f045221,True,0.129267898761143,True
"outer=sqrt|sn_i_bond|add(d,r)|within=normalized_range|across=max",A,sn_i_bond,"add(d,r)",add,d+r,normalized_range,max,1,sqrt,feb9386967ae,True,f045222,True,0.149461008295013,True
"outer=inv|sn_i_bond|add(d,r)|within=normalized_range|across=max",A,sn_i_bond,"add(d,r)",add,d+r,normalized_range,max,1,inv,7115a4e9def1,True,f045223,True,0.0567982925464423,True
"outer=sq|sn_i_bond|add(d,r)|within=normalized_range|across=range",A,sn_i_bond,"add(d,r)",add,d+r,normalized_range,range,1,sq,0ca09b54d96b,True,f045224,True,0.257104916040118,True
"outer=sqrt|sn_i_bond|add(d,r)|within=normalized_range|across=range",A,sn_i_bond,"add(d,r)",add,d+r,normalized_range,range,1,sqrt,a69e634a4336,True,f045225,True,0.203966787218163,True
"outer=sq|sn_i_bond|add(d,r)|within=normalized_range|across=site_cv",A,sn_i_bond,"add(d,r)",add,d+r,normalized_range,site_cv,1,sq,8af6d0e80727,True,f045226,True,0.0747983501377846,True
"outer=sqrt|sn_i_bond|add(d,r)|within=normalized_range|across=site_cv",A,sn_i_bond,"add(d,r)",add,d+r,normalized_range,site_cv,1,sqrt,5e6a0eea046b,True,f045227,True,0.167208498166486,True
"outer=sq|sn_i_bond|add(d,r)|within=mad|across=site_cv",A,sn_i_bond,"add(d,r)",add,d+r,mad,site_cv,1,sq,e17e1c6926d5,True,f045239,True,0.716442015833859,True
"outer=sqrt|sn_i_bond|add(d,r)|within=mad|across=site_cv",A,sn_i_bond,"add(d,r)",add,d+r,mad,site_cv,1,sqrt,399ea31632b4,True,f045240,True,0.644253708721003,True
"outer=sq|sn_i_bond|add(d,r)|within=iqr|across=site_cv",A,sn_i_bond,"add(d,r)",add,d+r,iqr,site_cv,1,sq,db58c83a5fce,True,f045252,True,0.302264226588982,True
"outer=sqrt|sn_i_bond|add(d,r)|within=iqr|across=site_cv",A,sn_i_bond,"add(d,r)",add,d+r,iqr,site_cv,1,sqrt,b22d233d6d92,True,f045253,True,0.183506509805127,True
"outer=sq|sn_i_bond|add(d,r)|within=min|across=site_cv",A,sn_i_bond,"add(d,r)",add,d+r,min,site_cv,1,sq,1a347d3f4708,True,f045265,True,0.1872603373334,True
"outer=sqrt|sn_i_bond|add(d,r)|within=min|across=site_cv",A,sn_i_bond,"add(d,r)",add,d+r,min,site_cv,1,sqrt,dcda71428623,True,f045266,True,0.326863462236139,True
"outer=sq|sn_i_bond|add(d,r)|within=max|across=site_cv",A,sn_i_bond,"add(d,r)",add,d+r,max,site_cv,1,sq,136717bd58fc,True,f045278,True,0.42225249856511,True
"outer=sqrt|sn_i_bond|add(d,r)|within=max|across=site_cv",A,sn_i_bond,"add(d,r)",add,d+r,max,site_cv,1,sqrt,810faff48bbf,True,f045279,True,0.219231473880898,True
"outer=sq|sn_i_bond|add(d,r)|within=top2_deviation|across=site_cv",A,sn_i_bond,"add(d,r)",add,d+r,top2_deviation,site_cv,1,sq,ab040567d929,True,f045291,True,0.0731737996024712,True
"outer=sqrt|sn_i_bond|add(d,r)|within=top2_deviation|across=site_cv",A,sn_i_bond,"add(d,r)",add,d+r,top2_deviation,site_cv,1,sqrt,d574f3397423,True,f045292,True,0.323982567526264,True
"outer=sq|sn_i_bond|sub(d,r)|within=mean|across=site_cv",A,sn_i_bond,"sub(d,r)",sub,d+r,mean,site_cv,1,sq,48869e0e9d39,True,f045304,True,3.30125683134009,True
"outer=sqrt|sn_i_bond|sub(d,r)|within=mean|across=site_cv",A,sn_i_bond,"sub(d,r)",sub,d+r,mean,site_cv,1,sqrt,7cec04c4a666,True,f045305,True,1.20890416780892,True
"outer=sq|sn_i_bond|sub(d,r)|within=sd|across=site_cv",A,sn_i_bond,"sub(d,r)",sub,d+r,sd,site_cv,1,sq,e3a6dd22698c,True,f045317,True,0.0102441501776853,True
"outer=sqrt|sn_i_bond|sub(d,r)|within=sd|across=site_cv",A,sn_i_bond,"sub(d,r)",sub,d+r,sd,site_cv,1,sqrt,49ee6ba3a7ab,True,f045318,True,0.33721478237557,True
"outer=sq|sn_i_bond|sub(d,r)|within=cv|across=mean",A,sn_i_bond,"sub(d,r)",sub,d+r,cv,mean,1,sq,cdc3ea9aae8c,True,f045319,True,0.37253827417005,True
"outer=sqrt|sn_i_bond|sub(d,r)|within=cv|across=mean",A,sn_i_bond,"sub(d,r)",sub,d+r,cv,mean,1,sqrt,cf5ed0d76b60,True,f045320,True,0.14268632979257,True
"outer=inv|sn_i_bond|sub(d,r)|within=cv|across=mean",A,sn_i_bond,"sub(d,r)",sub,d+r,cv,mean,1,inv,85e625dc92b8,True,f045321,True,0.0275999750387414,True
"outer=sq|sn_i_bond|sub(d,r)|within=cv|across=median",A,sn_i_bond,"sub(d,r)",sub,d+r,cv,median,1,sq,2c863c062c1c,True,f045322,True,0.369216704524455,True
"outer=sqrt|sn_i_bond|sub(d,r)|within=cv|across=median",A,sn_i_bond,"sub(d,r)",sub,d+r,cv,median,1,sqrt,842efafc7640,True,f045323,True,0.141371336586663,True
"outer=inv|sn_i_bond|sub(d,r)|within=cv|across=median",A,sn_i_bond,"sub(d,r)",sub,d+r,cv,median,1,inv,bed805658ca6,True,f045324,True,0.0275999154995046,True
"outer=sq|sn_i_bond|sub(d,r)|within=cv|across=max",A,sn_i_bond,"sub(d,r)",sub,d+r,cv,max,1,sq,f5c26eb17c70,True,f045325,True,0.261347554062322,True
"outer=sqrt|sn_i_bond|sub(d,r)|within=cv|across=max",A,sn_i_bond,"sub(d,r)",sub,d+r,cv,max,1,sqrt,07dcc70273de,True,f045326,True,0.114586851192603,True
"outer=inv|sn_i_bond|sub(d,r)|within=cv|across=max",A,sn_i_bond,"sub(d,r)",sub,d+r,cv,max,1,inv,2606d86e49ee,True,f045327,True,0.0371852204856832,True
"outer=sq|sn_i_bond|sub(d,r)|within=cv|across=range",A,sn_i_bond,"sub(d,r)",sub,d+r,cv,range,1,sq,067d2dabcb05,True,f045328,True,0.0471763801894264,True
"outer=sqrt|sn_i_bond|sub(d,r)|within=cv|across=range",A,sn_i_bond,"sub(d,r)",sub,d+r,cv,range,1,sqrt,df7c6e25d764,True,f045329,True,0.463533290295767,True
"outer=sq|sn_i_bond|sub(d,r)|within=cv|across=site_cv",A,sn_i_bond,"sub(d,r)",sub,d+r,cv,site_cv,1,sq,4bb801d45a47,True,f045330,True,0.0107114912964855,True
"outer=sqrt|sn_i_bond|sub(d,r)|within=cv|across=site_cv",A,sn_i_bond,"sub(d,r)",sub,d+r,cv,site_cv,1,sqrt,6994acab16ec,True,f045331,True,0.331334562302413,True
"outer=sq|sn_i_bond|sub(d,r)|within=normalized_range|across=mean",A,sn_i_bond,"sub(d,r)",sub,d+r,normalized_range,mean,1,sq,04decf40dcc1,True,f045332,True,0.217723650325753,True
"outer=sqrt|sn_i_bond|sub(d,r)|within=normalized_range|across=mean",A,sn_i_bond,"sub(d,r)",sub,d+r,normalized_range,mean,1,sqrt,e9aa706cd6c0,True,f045333,True,0.188176592422822,True
"outer=inv|sn_i_bond|sub(d,r)|within=normalized_range|across=mean",A,sn_i_bond,"sub(d,r)",sub,d+r,normalized_range,mean,1,inv,2cbea393c8c2,True,f045334,True,0.0532048549353017,True
"outer=sq|sn_i_bond|sub(d,r)|within=normalized_range|across=median",A,sn_i_bond,"sub(d,r)",sub,d+r,normalized_range,median,1,sq,58413bc460a7,True,f045335,True,0.214027865790376,True
"outer=sqrt|sn_i_bond|sub(d,r)|within=normalized_range|across=median",A,sn_i_bond,"sub(d,r)",sub,d+r,normalized_range,median,1,sqrt,b702931f1327,True,f045336,True,0.188178503046629,True
"outer=inv|sn_i_bond|sub(d,r)|within=normalized_range|across=median",A,sn_i_bond,"sub(d,r)",sub,d+r,normalized_range,median,1,inv,9feb51495587,True,f045337,True,0.0532049134591426,True
"outer=sq|sn_i_bond|sub(d,r)|within=normalized_range|across=max",A,sn_i_bond,"sub(d,r)",sub,d+r,normalized_range,max,1,sq,e1458810266a,True,f045338,True,0.145889207689959,True
"outer=sqrt|sn_i_bond|sub(d,r)|within=normalized_range|across=max",A,sn_i_bond,"sub(d,r)",sub,d+r,normalized_range,max,1,sqrt,c11b39749cd9,True,f045339,True,0.16952146396168,True
"outer=inv|sn_i_bond|sub(d,r)|within=normalized_range|across=max",A,sn_i_bond,"sub(d,r)",sub,d+r,normalized_range,max,1,inv,77f7849b5667,True,f045340,True,0.0610646143517494,True
"outer=sq|sn_i_bond|sub(d,r)|within=normalized_range|across=range",A,sn_i_bond,"sub(d,r)",sub,d+r,normalized_range,range,1,sq,0aac1a716d09,True,f045341,True,0.305595251413042,True
"outer=sqrt|sn_i_bond|sub(d,r)|within=normalized_range|across=range",A,sn_i_bond,"sub(d,r)",sub,d+r,normalized_range,range,1,sqrt,e3abfdc6c1c6,True,f045342,True,0.242275551423326,True
"outer=sq|sn_i_bond|sub(d,r)|within=normalized_range|across=site_cv",A,sn_i_bond,"sub(d,r)",sub,d+r,normalized_range,site_cv,1,sq,60abe639de91,True,f045343,True,0.094494346075458,True
"outer=sqrt|sn_i_bond|sub(d,r)|within=normalized_range|across=site_cv",A,sn_i_bond,"sub(d,r)",sub,d+r,normalized_range,site_cv,1,sqrt,fbcdae1ba1c6,True,f045344,True,0.201082594997583,True
"outer=sq|sn_i_bond|sub(d,r)|within=mad|across=site_cv",A,sn_i_bond,"sub(d,r)",sub,d+r,mad,site_cv,1,sq,ea179f953779,True,f045356,True,1.7964878447448,True
"outer=sqrt|sn_i_bond|sub(d,r)|within=mad|across=site_cv",A,sn_i_bond,"sub(d,r)",sub,d+r,mad,site_cv,1,sqrt,c14986c35f34,True,f045357,True,0.870766223573175,True
"outer=sq|sn_i_bond|sub(d,r)|within=iqr|across=site_cv",A,sn_i_bond,"sub(d,r)",sub,d+r,iqr,site_cv,1,sq,22682557886e,True,f045369,True,0.340008066147465,True
"outer=sqrt|sn_i_bond|sub(d,r)|within=iqr|across=site_cv",A,sn_i_bond,"sub(d,r)",sub,d+r,iqr,site_cv,1,sqrt,37f1a887efd2,True,f045370,True,0.218299439483696,True
"outer=sq|sn_i_bond|sub(d,r)|within=min|across=site_cv",A,sn_i_bond,"sub(d,r)",sub,d+r,min,site_cv,1,sq,4b58fc61db87,True,f045382,True,0.242766835563286,True
"outer=sqrt|sn_i_bond|sub(d,r)|within=min|across=site_cv",A,sn_i_bond,"sub(d,r)",sub,d+r,min,site_cv,1,sqrt,c969a3cb136b,True,f045383,True,0.376762816604062,True
"outer=sq|sn_i_bond|sub(d,r)|within=max|across=site_cv",A,sn_i_bond,"sub(d,r)",sub,d+r,max,site_cv,1,sq,5248bdfe9fa7,True,f045395,True,0.478413076623879,True
"outer=sqrt|sn_i_bond|sub(d,r)|within=max|across=site_cv",A,sn_i_bond,"sub(d,r)",sub,d+r,max,site_cv,1,sqrt,851c26a3e905,True,f045396,True,0.265471283527639,True
"outer=sq|sn_i_bond|sub(d,r)|within=top2_deviation|across=site_cv",A,sn_i_bond,"sub(d,r)",sub,d+r,top2_deviation,site_cv,1,sq,6c02d3956f82,True,f045408,True,0.091498815822674,True
"outer=sqrt|sn_i_bond|sub(d,r)|within=top2_deviation|across=site_cv",A,sn_i_bond,"sub(d,r)",sub,d+r,top2_deviation,site_cv,1,sqrt,1831a74a2e46,True,f045409,True,0.372712573900117,True
"outer=sqrt|sn_i_bond|mult(d,r)|within=mean|across=site_cv",A,sn_i_bond,"mult(d,r)",mult,d+r,mean,site_cv,1,sqrt,f8498dac8851,True,f045422,True,4.0362538294152,True
"outer=sq|sn_i_bond|mult(d,r)|within=sd|across=site_cv",A,sn_i_bond,"mult(d,r)",mult,d+r,sd,site_cv,1,sq,1db631bb4c23,True,f045434,True,0.0319737599807532,True
"outer=sqrt|sn_i_bond|mult(d,r)|within=sd|across=site_cv",A,sn_i_bond,"mult(d,r)",mult,d+r,sd,site_cv,1,sqrt,8a4e4390ed1e,True,f045435,True,0.798060129423713,True
"outer=sq|sn_i_bond|mult(d,r)|within=cv|across=mean",A,sn_i_bond,"mult(d,r)",mult,d+r,cv,mean,1,sq,f4a7851a4c80,True,f045436,True,0.946040687402981,True
"outer=sqrt|sn_i_bond|mult(d,r)|within=cv|across=mean",A,sn_i_bond,"mult(d,r)",mult,d+r,cv,mean,1,sqrt,3db5ed5be79a,True,f045437,True,0.356826209447509,True
"outer=inv|sn_i_bond|mult(d,r)|within=cv|across=mean",A,sn_i_bond,"mult(d,r)",mult,d+r,cv,mean,1,inv,6a1e165125d8,True,f045438,True,0.0654363732039453,True
"outer=sq|sn_i_bond|mult(d,r)|within=cv|across=median",A,sn_i_bond,"mult(d,r)",mult,d+r,cv,median,1,sq,569d534537e9,True,f045439,True,0.93655360116721,True
"outer=sqrt|sn_i_bond|mult(d,r)|within=cv|across=median",A,sn_i_bond,"mult(d,r)",mult,d+r,cv,median,1,sqrt,17ec83d3e740,True,f045440,True,0.3531151431701,True
"outer=inv|sn_i_bond|mult(d,r)|within=cv|across=median",A,sn_i_bond,"mult(d,r)",mult,d+r,cv,median,1,inv,9cb62848b42f,True,f045441,True,0.0654363957445505,True
"outer=sq|sn_i_bond|mult(d,r)|within=cv|across=max",A,sn_i_bond,"mult(d,r)",mult,d+r,cv,max,1,sq,ab6b147f4e76,True,f045442,True,0.643552108877962,True
"outer=sqrt|sn_i_bond|mult(d,r)|within=cv|across=max",A,sn_i_bond,"mult(d,r)",mult,d+r,cv,max,1,sqrt,46ef53db3028,True,f045443,True,0.258609914766131,True
"outer=inv|sn_i_bond|mult(d,r)|within=cv|across=max",A,sn_i_bond,"mult(d,r)",mult,d+r,cv,max,1,inv,0956ec3eacec,True,f045444,True,0.0649395604493837,True
"outer=sq|sn_i_bond|mult(d,r)|within=cv|across=range",A,sn_i_bond,"mult(d,r)",mult,d+r,cv,range,1,sq,73cb69c736e1,True,f045445,True,0.161190483400292,True
"outer=sqrt|sn_i_bond|mult(d,r)|within=cv|across=range",A,sn_i_bond,"mult(d,r)",mult,d+r,cv,range,1,sqrt,4e20a7a08efe,True,f045446,True,1.11960126931756,True
"outer=sq|sn_i_bond|mult(d,r)|within=cv|across=site_cv",A,sn_i_bond,"mult(d,r)",mult,d+r,cv,site_cv,1,sq,309f78d8a62c,True,f045447,True,0.0328726195620573,True
"outer=sqrt|sn_i_bond|mult(d,r)|within=cv|across=site_cv",A,sn_i_bond,"mult(d,r)",mult,d+r,cv,site_cv,1,sqrt,ee14d15ffcd2,True,f045448,True,0.789168605104434,True
"outer=sq|sn_i_bond|mult(d,r)|within=normalized_range|across=mean",A,sn_i_bond,"mult(d,r)",mult,d+r,normalized_range,mean,1,sq,5982b63d4a91,True,f045449,True,0.590049647359391,True
"outer=sqrt|sn_i_bond|mult(d,r)|within=normalized_range|across=mean",A,sn_i_bond,"mult(d,r)",mult,d+r,normalized_range,mean,1,sqrt,abca45e0d8fd,True,f045450,True,0.488379312688242,True
"outer=inv|sn_i_bond|mult(d,r)|within=normalized_range|across=mean",A,sn_i_bond,"mult(d,r)",mult,d+r,normalized_range,mean,1,inv,6e7e73a630f4,True,f045451,True,0.135500870351069,True
"outer=sq|sn_i_bond|mult(d,r)|within=normalized_range|across=median",A,sn_i_bond,"mult(d,r)",mult,d+r,normalized_range,median,1,sq,8808a5da94fd,True,f045452,True,0.610427316151305,True
"outer=sqrt|sn_i_bond|mult(d,r)|within=normalized_range|across=median",A,sn_i_bond,"mult(d,r)",mult,d+r,normalized_range,median,1,sqrt,6bfecf99ba99,True,f045453,True,0.488388960788255,True
"outer=inv|sn_i_bond|mult(d,r)|within=normalized_range|across=median",A,sn_i_bond,"mult(d,r)",mult,d+r,normalized_range,median,1,inv,2b1842415311,True,f045454,True,0.135501162769385,True
"outer=sq|sn_i_bond|mult(d,r)|within=normalized_range|across=max",A,sn_i_bond,"mult(d,r)",mult,d+r,normalized_range,max,1,sq,53d6e50d30b9,True,f045455,True,0.39495898149485,True
"outer=sqrt|sn_i_bond|mult(d,r)|within=normalized_range|across=max",A,sn_i_bond,"mult(d,r)",mult,d+r,normalized_range,max,1,sqrt,5c4f2fbfb6a9,True,f045456,True,0.432390719973756,True
"outer=inv|sn_i_bond|mult(d,r)|within=normalized_range|across=max",A,sn_i_bond,"mult(d,r)",mult,d+r,normalized_range,max,1,inv,f3c0f839ad9a,True,f045457,True,0.133969498962729,True
"outer=sq|sn_i_bond|mult(d,r)|within=normalized_range|across=range",A,sn_i_bond,"mult(d,r)",mult,d+r,normalized_range,range,1,sq,0451b7b5ff5c,True,f045458,True,0.855539050844144,True
"outer=sqrt|sn_i_bond|mult(d,r)|within=normalized_range|across=range",A,sn_i_bond,"mult(d,r)",mult,d+r,normalized_range,range,1,sqrt,528db958fbac,True,f045459,True,0.633465752170917,True
"outer=sq|sn_i_bond|mult(d,r)|within=normalized_range|across=site_cv",A,sn_i_bond,"mult(d,r)",mult,d+r,normalized_range,site_cv,1,sq,f50e50072e37,True,f045460,True,0.217544216824713,True
"outer=sqrt|sn_i_bond|mult(d,r)|within=normalized_range|across=site_cv",A,sn_i_bond,"mult(d,r)",mult,d+r,normalized_range,site_cv,1,sqrt,eca98bb50d58,True,f045461,True,0.512410259193725,True
"outer=sq|sn_i_bond|mult(d,r)|within=mad|across=site_cv",A,sn_i_bond,"mult(d,r)",mult,d+r,mad,site_cv,1,sq,8ac92bb88b41,True,f045473,True,4.79976447719988,True
"outer=sqrt|sn_i_bond|mult(d,r)|within=mad|across=site_cv",A,sn_i_bond,"mult(d,r)",mult,d+r,mad,site_cv,1,sqrt,1163e1f1fef0,True,f045474,True,2.43623264292558,True
"outer=sq|sn_i_bond|mult(d,r)|within=iqr|across=site_cv",A,sn_i_bond,"mult(d,r)",mult,d+r,iqr,site_cv,1,sq,f42da444ff3d,True,f045486,True,0.677592208391046,True
"outer=sqrt|sn_i_bond|mult(d,r)|within=iqr|across=site_cv",A,sn_i_bond,"mult(d,r)",mult,d+r,iqr,site_cv,1,sqrt,b691b6b2c0ff,True,f045487,True,0.727569961718734,True
"outer=sq|sn_i_bond|mult(d,r)|within=min|across=site_cv",A,sn_i_bond,"mult(d,r)",mult,d+r,min,site_cv,1,sq,dd2a3103f631,True,f045499,True,0.499324782663442,True
"outer=sqrt|sn_i_bond|mult(d,r)|within=min|across=site_cv",A,sn_i_bond,"mult(d,r)",mult,d+r,min,site_cv,1,sqrt,b6e70424be19,True,f045500,True,0.965504310916902,True
"outer=sq|sn_i_bond|mult(d,r)|within=max|across=site_cv",A,sn_i_bond,"mult(d,r)",mult,d+r,max,site_cv,1,sq,fe796f341ea5,True,f045512,True,1.29764921328715,True
"outer=sqrt|sn_i_bond|mult(d,r)|within=max|across=site_cv",A,sn_i_bond,"mult(d,r)",mult,d+r,max,site_cv,1,sqrt,40501b9bc2bd,True,f045513,True,0.961787300295092,True
"outer=sq|sn_i_bond|mult(d,r)|within=top2_deviation|across=site_cv",A,sn_i_bond,"mult(d,r)",mult,d+r,top2_deviation,site_cv,1,sq,6242d5d4ec21,True,f045525,True,0.21267576008444,True
"outer=sqrt|sn_i_bond|mult(d,r)|within=top2_deviation|across=site_cv",A,sn_i_bond,"mult(d,r)",mult,d+r,top2_deviation,site_cv,1,sqrt,1fb61a5786c9,True,f045526,True,0.999073746690549,True
"outer=sq|sn_i_bond|div(d,r)|within=mean|across=mean",A,sn_i_bond,"div(d,r)",div,d+r,mean,mean,1,sq,6cebf2c5d0b6,True,f045527,True,4.04522487327393,True
"outer=sqrt|sn_i_bond|div(d,r)|within=mean|across=mean",A,sn_i_bond,"div(d,r)",div,d+r,mean,mean,1,sqrt,bbd1cc0a7b49,True,f045528,True,4.06170893780953,True
"outer=inv|sn_i_bond|div(d,r)|within=mean|across=mean",A,sn_i_bond,"div(d,r)",div,d+r,mean,mean,1,inv,d2c98294aad5,True,f045529,True,4.07811186158741,True
"outer=sq|sn_i_bond|div(d,r)|within=mean|across=median",A,sn_i_bond,"div(d,r)",div,d+r,mean,median,1,sq,c794301140ac,True,f045530,True,4.04624318026768,True
"outer=sqrt|sn_i_bond|div(d,r)|within=mean|across=median",A,sn_i_bond,"div(d,r)",div,d+r,mean,median,1,sqrt,bdd9b5f69d16,True,f045531,True,4.06272079210499,True
"outer=inv|sn_i_bond|div(d,r)|within=mean|across=median",A,sn_i_bond,"div(d,r)",div,d+r,mean,median,1,inv,b0ad0b9e37d3,True,f045532,True,4.07911723090328,True
"outer=sq|sn_i_bond|div(d,r)|within=mean|across=max",A,sn_i_bond,"div(d,r)",div,d+r,mean,max,1,sq,469191bd7291,True,f045533,True,3.6543023721609,True
"outer=sqrt|sn_i_bond|div(d,r)|within=mean|across=max",A,sn_i_bond,"div(d,r)",div,d+r,mean,max,1,sqrt,03c605d8b7f4,True,f045534,True,3.64081861945893,True
"outer=inv|sn_i_bond|div(d,r)|within=mean|across=max",A,sn_i_bond,"div(d,r)",div,d+r,mean,max,1,inv,7b76efa40800,True,f045535,True,3.66218740422764,True
"outer=sqrt|sn_i_bond|div(d,r)|within=mean|across=range",A,sn_i_bond,"div(d,r)",div,d+r,mean,range,1,sqrt,8ec6a4294366,True,f045537,True,4.41627902438314,True
"outer=sqrt|sn_i_bond|div(d,r)|within=mean|across=site_cv",A,sn_i_bond,"div(d,r)",div,d+r,mean,site_cv,1,sqrt,11b98a31481b,True,f045539,True,4.39427399928289,True
"outer=sq|sn_i_bond|div(d,r)|within=sd|across=mean",A,sn_i_bond,"div(d,r)",div,d+r,sd,mean,1,sq,8bdc499cda29,True,f045540,True,1.63153648571831,True
"outer=sqrt|sn_i_bond|div(d,r)|within=sd|across=mean",A,sn_i_bond,"div(d,r)",div,d+r,sd,mean,1,sqrt,b9359201c6ed,True,f045541,True,0.644523547188045,True
"outer=inv|sn_i_bond|div(d,r)|within=sd|across=mean",A,sn_i_bond,"div(d,r)",div,d+r,sd,mean,1,inv,4f6c10ece8df,True,f045542,True,0.155193939960056,True
"outer=sq|sn_i_bond|div(d,r)|within=sd|across=median",A,sn_i_bond,"div(d,r)",div,d+r,sd,median,1,sq,14aa7eb2f237,True,f045543,True,1.62656800383576,True
"outer=sqrt|sn_i_bond|div(d,r)|within=sd|across=median",A,sn_i_bond,"div(d,r)",div,d+r,sd,median,1,sqrt,01edc5d73786,True,f045544,True,0.642227528873349,True
"outer=inv|sn_i_bond|div(d,r)|within=sd|across=median",A,sn_i_bond,"div(d,r)",div,d+r,sd,median,1,inv,1ebcf8cd4dac,True,f045545,True,0.155196408410291,True
"outer=sq|sn_i_bond|div(d,r)|within=sd|across=max",A,sn_i_bond,"div(d,r)",div,d+r,sd,max,1,sq,dda6bcd70878,True,f045546,True,1.06537803630794,True
"outer=sqrt|sn_i_bond|div(d,r)|within=sd|across=max",A,sn_i_bond,"div(d,r)",div,d+r,sd,max,1,sqrt,ff04ad31dfd7,True,f045547,True,0.492390484991727,True
"outer=inv|sn_i_bond|div(d,r)|within=sd|across=max",A,sn_i_bond,"div(d,r)",div,d+r,sd,max,1,inv,7ecf7d57e5b2,True,f045548,True,0.178058794201701,True
"outer=sq|sn_i_bond|div(d,r)|within=sd|across=range",A,sn_i_bond,"div(d,r)",div,d+r,sd,range,1,sq,0d45e7a36f89,True,f045549,True,0.282753422925305,True
"outer=sqrt|sn_i_bond|div(d,r)|within=sd|across=range",A,sn_i_bond,"div(d,r)",div,d+r,sd,range,1,sqrt,13b610545f89,True,f045550,True,2.40829292984206,True
"outer=sq|sn_i_bond|div(d,r)|within=sd|across=site_cv",A,sn_i_bond,"div(d,r)",div,d+r,sd,site_cv,1,sq,bb3513164a7a,True,f045551,True,0.0520982380001121,True
"outer=sqrt|sn_i_bond|div(d,r)|within=sd|across=site_cv",A,sn_i_bond,"div(d,r)",div,d+r,sd,site_cv,1,sqrt,de2fa4f876de,True,f045552,True,1.76094347460043,True
"outer=sq|sn_i_bond|div(d,r)|within=cv|across=mean",A,sn_i_bond,"div(d,r)",div,d+r,cv,mean,1,sq,28216740eb24,True,f045553,True,1.65280625587638,True
"outer=sqrt|sn_i_bond|div(d,r)|within=cv|across=mean",A,sn_i_bond,"div(d,r)",div,d+r,cv,mean,1,sqrt,fceb1af58831,True,f045554,True,0.650989873240047,True
"outer=inv|sn_i_bond|div(d,r)|within=cv|across=mean",A,sn_i_bond,"div(d,r)",div,d+r,cv,mean,1,inv,429613624953,True,f045555,True,0.148237165596957,True
"outer=sq|sn_i_bond|div(d,r)|within=cv|across=median",A,sn_i_bond,"div(d,r)",div,d+r,cv,median,1,sq,ce4d2acbd395,True,f045556,True,1.64682659899719,True
"outer=sqrt|sn_i_bond|div(d,r)|within=cv|across=median",A,sn_i_bond,"div(d,r)",div,d+r,cv,median,1,sqrt,6d32885121d3,True,f045557,True,0.648298305454442,True
"outer=inv|sn_i_bond|div(d,r)|within=cv|across=median",A,sn_i_bond,"div(d,r)",div,d+r,cv,median,1,inv,48fd17b8176f,True,f045558,True,0.148239612797211,True
"outer=sq|sn_i_bond|div(d,r)|within=cv|across=max",A,sn_i_bond,"div(d,r)",div,d+r,cv,max,1,sq,284fd1dd6041,True,f045559,True,1.10395715115361,True
"outer=sqrt|sn_i_bond|div(d,r)|within=cv|across=max",A,sn_i_bond,"div(d,r)",div,d+r,cv,max,1,sqrt,dc8f1107e46b,True,f045560,True,0.492317567796727,True
"outer=inv|sn_i_bond|div(d,r)|within=cv|across=max",A,sn_i_bond,"div(d,r)",div,d+r,cv,max,1,inv,8aa159a960a4,True,f045561,True,0.170332254385927,True
"outer=sq|sn_i_bond|div(d,r)|within=cv|across=range",A,sn_i_bond,"div(d,r)",div,d+r,cv,range,1,sq,76bc1bef3ab7,True,f045562,True,0.239353008028929,True
"outer=sqrt|sn_i_bond|div(d,r)|within=cv|across=range",A,sn_i_bond,"div(d,r)",div,d+r,cv,range,1,sqrt,962da1a250b8,True,f045563,True,2.35788014672207,True
"outer=sq|sn_i_bond|div(d,r)|within=cv|across=site_cv",A,sn_i_bond,"div(d,r)",div,d+r,cv,site_cv,1,sq,66e0c6c9a832,True,f045564,True,0.0455270503806354,True
"outer=sqrt|sn_i_bond|div(d,r)|within=cv|across=site_cv",A,sn_i_bond,"div(d,r)",div,d+r,cv,site_cv,1,sqrt,0ac1412abafc,True,f045565,True,1.73132846636726,True
"outer=sq|sn_i_bond|div(d,r)|within=normalized_range|across=mean",A,sn_i_bond,"div(d,r)",div,d+r,normalized_range,mean,1,sq,645dabbbd6de,True,f045566,True,1.03741019148278,True
"outer=sqrt|sn_i_bond|div(d,r)|within=normalized_range|across=mean",A,sn_i_bond,"div(d,r)",div,d+r,normalized_range,mean,1,sqrt,5755ebb4ea74,True,f045567,True,0.858659445821838,True
"outer=inv|sn_i_bond|div(d,r)|within=normalized_range|across=mean",A,sn_i_bond,"div(d,r)",div,d+r,normalized_range,mean,1,inv,fa9276244a3a,True,f045568,True,0.244994181862873,True
"outer=sq|sn_i_bond|div(d,r)|within=normalized_range|across=median",A,sn_i_bond,"div(d,r)",div,d+r,normalized_range,median,1,sq,521209e5c4ee,True,f045569,True,0.995916281986639,True
"outer=sqrt|sn_i_bond|div(d,r)|within=normalized_range|across=median",A,sn_i_bond,"div(d,r)",div,d+r,normalized_range,median,1,sqrt,4f45ff116b15,True,f045570,True,0.858780662787252,True
"outer=inv|sn_i_bond|div(d,r)|within=normalized_range|across=median",A,sn_i_bond,"div(d,r)",div,d+r,normalized_range,median,1,inv,d20e6ebfba72,True,f045571,True,0.24499782642612,True
"outer=sq|sn_i_bond|div(d,r)|within=normalized_range|across=max",A,sn_i_bond,"div(d,r)",div,d+r,normalized_range,max,1,sq,c33bcd95d396,True,f045572,True,0.632292541139001,True
"outer=sqrt|sn_i_bond|div(d,r)|within=normalized_range|across=max",A,sn_i_bond,"div(d,r)",div,d+r,normalized_range,max,1,sqrt,7503ac41e9da,True,f045573,True,0.752601869525706,True
"outer=inv|sn_i_bond|div(d,r)|within=normalized_range|across=max",A,sn_i_bond,"div(d,r)",div,d+r,normalized_range,max,1,inv,e890700b7e5e,True,f045574,True,0.243833865187357,True
"outer=sq|sn_i_bond|div(d,r)|within=normalized_range|across=range",A,sn_i_bond,"div(d,r)",div,d+r,normalized_range,range,1,sq,4af805f6a547,True,f045575,True,1.42730898488659,True
"outer=sqrt|sn_i_bond|div(d,r)|within=normalized_range|across=range",A,sn_i_bond,"div(d,r)",div,d+r,normalized_range,range,1,sqrt,106804724a7e,True,f045576,True,1.1661173909958,True
"outer=sq|sn_i_bond|div(d,r)|within=normalized_range|across=site_cv",A,sn_i_bond,"div(d,r)",div,d+r,normalized_range,site_cv,1,sq,651960f20014,True,f045577,True,0.468901969725911,True
"outer=sqrt|sn_i_bond|div(d,r)|within=normalized_range|across=site_cv",A,sn_i_bond,"div(d,r)",div,d+r,normalized_range,site_cv,1,sqrt,0019e71d136b,True,f045578,True,0.986266785458202,True
"outer=sqrt|sn_i_bond|div(d,r)|within=mad|across=mean",A,sn_i_bond,"div(d,r)",div,d+r,mad,mean,1,sqrt,3141f3053a1f,True,f045580,True,1.80999858224437,True
"outer=inv|sn_i_bond|div(d,r)|within=mad|across=mean",A,sn_i_bond,"div(d,r)",div,d+r,mad,mean,1,inv,6e83dd73353b,True,f045581,True,0.0006381534554702,True
"outer=sqrt|sn_i_bond|div(d,r)|within=mad|across=median",A,sn_i_bond,"div(d,r)",div,d+r,mad,median,1,sqrt,3b79b1b53883,True,f045583,True,1.81364329435125,True
"outer=inv|sn_i_bond|div(d,r)|within=mad|across=median",A,sn_i_bond,"div(d,r)",div,d+r,mad,median,1,inv,5e3aebe78f45,True,f045584,True,0.0006381534263309,True
"outer=sq|sn_i_bond|div(d,r)|within=mad|across=max",A,sn_i_bond,"div(d,r)",div,d+r,mad,max,1,sq,30b9a3b91327,True,f045585,True,4.52875909428074,True
"outer=sqrt|sn_i_bond|div(d,r)|within=mad|across=max",A,sn_i_bond,"div(d,r)",div,d+r,mad,max,1,sqrt,85d655108528,True,f045586,True,1.33905002330055,True
"outer=inv|sn_i_bond|div(d,r)|within=mad|across=max",A,sn_i_bond,"div(d,r)",div,d+r,mad,max,1,inv,094595f24ca6,True,f045587,True,0.0006381762321112,True
"outer=sq|sn_i_bond|div(d,r)|within=mad|across=range",A,sn_i_bond,"div(d,r)",div,d+r,mad,range,1,sq,2a93095e46ed,True,f045588,True,3.9524824579111,True
"outer=sqrt|sn_i_bond|div(d,r)|within=mad|across=range",A,sn_i_bond,"div(d,r)",div,d+r,mad,range,1,sqrt,7bb1ec80f74a,True,f045589,True,2.00266146900529,True
"outer=sqrt|sn_i_bond|div(d,r)|within=mad|across=site_cv",A,sn_i_bond,"div(d,r)",div,d+r,mad,site_cv,1,sqrt,247bb311a96d,True,f045591,True,3.2181634628795,True
"outer=sq|sn_i_bond|div(d,r)|within=iqr|across=mean",A,sn_i_bond,"div(d,r)",div,d+r,iqr,mean,1,sq,70df1ff9b43d,True,f045592,True,4.83700024772265,True
"outer=sqrt|sn_i_bond|div(d,r)|within=iqr|across=mean",A,sn_i_bond,"div(d,r)",div,d+r,iqr,mean,1,sqrt,311b8d22636d,True,f045593,True,1.75467179825427,True
"outer=inv|sn_i_bond|div(d,r)|within=iqr|across=mean",A,sn_i_bond,"div(d,r)",div,d+r,iqr,mean,1,inv,41a129c48ffe,True,f045594,True,0.46217397942318,True
"outer=sq|sn_i_bond|div(d,r)|within=iqr|across=median",A,sn_i_bond,"div(d,r)",div,d+r,iqr,median,1,sq,a8faf085f9de,True,f045595,True,4.83239135296435,True
"outer=sqrt|sn_i_bond|div(d,r)|within=iqr|across=median",A,sn_i_bond,"div(d,r)",div,d+r,iqr,median,1,sqrt,42a8a421729e,True,f045596,True,1.75286329057955,True
"outer=inv|sn_i_bond|div(d,r)|within=iqr|across=median",A,sn_i_bond,"div(d,r)",div,d+r,iqr,median,1,inv,7fccee435807,True,f045597,True,0.462188909809075,True
"outer=sq|sn_i_bond|div(d,r)|within=iqr|across=max",A,sn_i_bond,"div(d,r)",div,d+r,iqr,max,1,sq,6b6eea63fca1,True,f045598,True,4.76101255086268,True
"outer=sqrt|sn_i_bond|div(d,r)|within=iqr|across=max",A,sn_i_bond,"div(d,r)",div,d+r,iqr,max,1,sqrt,043eb9b12071,True,f045599,True,1.78207994386011,True
"outer=inv|sn_i_bond|div(d,r)|within=iqr|across=max",A,sn_i_bond,"div(d,r)",div,d+r,iqr,max,1,inv,0b63318e8782,True,f045600,True,0.485568727963473,True
"outer=sqrt|sn_i_bond|div(d,r)|within=iqr|across=range",A,sn_i_bond,"div(d,r)",div,d+r,iqr,range,1,sqrt,52e69ee461dd,True,f045602,True,1.38067496080931,True
"outer=sq|sn_i_bond|div(d,r)|within=iqr|across=site_cv",A,sn_i_bond,"div(d,r)",div,d+r,iqr,site_cv,1,sq,a5c25c95a822,True,f045603,True,1.46597833725146,True
"outer=sqrt|sn_i_bond|div(d,r)|within=iqr|across=site_cv",A,sn_i_bond,"div(d,r)",div,d+r,iqr,site_cv,1,sqrt,4c114369ae97,True,f045604,True,1.03782212173927,True
"outer=sq|sn_i_bond|div(d,r)|within=min|across=mean",A,sn_i_bond,"div(d,r)",div,d+r,min,mean,1,sq,5a5a23e004bb,True,f045605,True,0.694910215274451,True
"outer=sqrt|sn_i_bond|div(d,r)|within=min|across=mean",A,sn_i_bond,"div(d,r)",div,d+r,min,mean,1,sqrt,e6007fa3a8fa,True,f045606,True,0.70090551075675,True
"outer=inv|sn_i_bond|div(d,r)|within=min|across=mean",A,sn_i_bond,"div(d,r)",div,d+r,min,mean,1,inv,4e2c3854ac56,True,f045607,True,0.706705373418281,True
"outer=sq|sn_i_bond|div(d,r)|within=min|across=median",A,sn_i_bond,"div(d,r)",div,d+r,min,median,1,sq,9d09c8fceb93,True,f045608,True,0.699519128766593,True
"outer=sqrt|sn_i_bond|div(d,r)|within=min|across=median",A,sn_i_bond,"div(d,r)",div,d+r,min,median,1,sqrt,a4ac79e2a201,True,f045609,True,0.705565338756481,True
"outer=inv|sn_i_bond|div(d,r)|within=min|across=median",A,sn_i_bond,"div(d,r)",div,d+r,min,median,1,inv,313a65a39be4,True,f045610,True,0.711415307528856,True
"outer=sq|sn_i_bond|div(d,r)|within=min|across=max",A,sn_i_bond,"div(d,r)",div,d+r,min,max,1,sq,c5763e423cbf,True,f045611,True,1.26546408688466,True
"outer=sqrt|sn_i_bond|div(d,r)|within=min|across=max",A,sn_i_bond,"div(d,r)",div,d+r,min,max,1,sqrt,e82d7e10b114,True,f045612,True,1.27767314970243,True
"outer=inv|sn_i_bond|div(d,r)|within=min|across=max",A,sn_i_bond,"div(d,r)",div,d+r,min,max,1,inv,08ee79c9cd3a,True,f045613,True,1.28967801087727,True
"outer=sq|sn_i_bond|div(d,r)|within=min|across=range",A,sn_i_bond,"div(d,r)",div,d+r,min,range,1,sq,275b93702998,True,f045614,True,0.877628106717825,True
"outer=sqrt|sn_i_bond|div(d,r)|within=min|across=range",A,sn_i_bond,"div(d,r)",div,d+r,min,range,1,sqrt,11d13b49abed,True,f045615,True,1.53622466625382,True
"outer=sq|sn_i_bond|div(d,r)|within=min|across=site_cv",A,sn_i_bond,"div(d,r)",div,d+r,min,site_cv,1,sq,a00821ff7ad5,True,f045616,True,1.15466889610938,True
"outer=sqrt|sn_i_bond|div(d,r)|within=min|across=site_cv",A,sn_i_bond,"div(d,r)",div,d+r,min,site_cv,1,sqrt,2e7a1a1ebc06,True,f045617,True,1.58022314758077,True
"outer=sq|sn_i_bond|div(d,r)|within=max|across=mean",A,sn_i_bond,"div(d,r)",div,d+r,max,mean,1,sq,567ba209e746,True,f045618,True,1.12757491807596,True
"outer=sqrt|sn_i_bond|div(d,r)|within=max|across=mean",A,sn_i_bond,"div(d,r)",div,d+r,max,mean,1,sqrt,72bb702d8a76,True,f045619,True,1.13058180430383,True
"outer=inv|sn_i_bond|div(d,r)|within=max|across=mean",A,sn_i_bond,"div(d,r)",div,d+r,max,mean,1,inv,c674e9e1460f,True,f045620,True,1.13284575551395,True
"outer=sq|sn_i_bond|div(d,r)|within=max|across=median",A,sn_i_bond,"div(d,r)",div,d+r,max,median,1,sq,8b0f57ec96c2,True,f045621,True,1.12750700332318,True
"outer=sqrt|sn_i_bond|div(d,r)|within=max|across=median",A,sn_i_bond,"div(d,r)",div,d+r,max,median,1,sqrt,8280b05a54a9,True,f045622,True,1.1305166423157,True
"outer=inv|sn_i_bond|div(d,r)|within=max|across=median",A,sn_i_bond,"div(d,r)",div,d+r,max,median,1,inv,5530a095465a,True,f045623,True,1.13278331753024,True
"outer=sq|sn_i_bond|div(d,r)|within=max|across=max",A,sn_i_bond,"div(d,r)",div,d+r,max,max,1,sq,1ffc54bd4610,True,f045624,True,0.891940012569087,True
"outer=sqrt|sn_i_bond|div(d,r)|within=max|across=max",A,sn_i_bond,"div(d,r)",div,d+r,max,max,1,sqrt,13d146da7dcd,True,f045625,True,0.904436526546076,True
"outer=inv|sn_i_bond|div(d,r)|within=max|across=max",A,sn_i_bond,"div(d,r)",div,d+r,max,max,1,inv,94bd89295ab8,True,f045626,True,0.916165907712718,True
"outer=sq|sn_i_bond|div(d,r)|within=max|across=range",A,sn_i_bond,"div(d,r)",div,d+r,max,range,1,sq,f32f3797d839,True,f045627,True,2.23830481219928,True
"outer=sqrt|sn_i_bond|div(d,r)|within=max|across=range",A,sn_i_bond,"div(d,r)",div,d+r,max,range,1,sqrt,af0304b6a9de,True,f045628,True,1.40029706391581,True
"outer=sq|sn_i_bond|div(d,r)|within=max|across=site_cv",A,sn_i_bond,"div(d,r)",div,d+r,max,site_cv,1,sq,50247d77d760,True,f045629,True,2.23475745604806,True
"outer=sqrt|sn_i_bond|div(d,r)|within=max|across=site_cv",A,sn_i_bond,"div(d,r)",div,d+r,max,site_cv,1,sqrt,bbcce061eddf,True,f045630,True,1.42151089767953,True
"outer=sq|sn_i_bond|div(d,r)|within=top2_deviation|across=mean",A,sn_i_bond,"div(d,r)",div,d+r,top2_deviation,mean,1,sq,ba6f257a9fdb,True,f045631,True,1.10813878315418,True
"outer=sqrt|sn_i_bond|div(d,r)|within=top2_deviation|across=mean",A,sn_i_bond,"div(d,r)",div,d+r,top2_deviation,mean,1,sqrt,436b73275942,True,f045632,True,0.879180738765337,True
"outer=inv|sn_i_bond|div(d,r)|within=top2_deviation|across=mean",A,sn_i_bond,"div(d,r)",div,d+r,top2_deviation,mean,1,inv,2837146c9a6a,True,f045633,True,0.261613556141424,True
"outer=sq|sn_i_bond|div(d,r)|within=top2_deviation|across=median",A,sn_i_bond,"div(d,r)",div,d+r,top2_deviation,median,1,sq,145666a0d709,True,f045634,True,1.06771735686411,True
"outer=sqrt|sn_i_bond|div(d,r)|within=top2_deviation|across=median",A,sn_i_bond,"div(d,r)",div,d+r,top2_deviation,median,1,sqrt,25014198582f,True,f045635,True,0.879303168217275,True
"outer=inv|sn_i_bond|div(d,r)|within=top2_deviation|across=median",A,sn_i_bond,"div(d,r)",div,d+r,top2_deviation,median,1,inv,9aabc1b06715,True,f045636,True,0.261617500046441,True
"outer=sq|sn_i_bond|div(d,r)|within=top2_deviation|across=max",A,sn_i_bond,"div(d,r)",div,d+r,top2_deviation,max,1,sq,dc834fec47b1,True,f045637,True,0.633530240733985,True
"outer=sqrt|sn_i_bond|div(d,r)|within=top2_deviation|across=max",A,sn_i_bond,"div(d,r)",div,d+r,top2_deviation,max,1,sqrt,697e79b1f2dc,True,f045638,True,0.795563689326106,True
"outer=inv|sn_i_bond|div(d,r)|within=top2_deviation|across=max",A,sn_i_bond,"div(d,r)",div,d+r,top2_deviation,max,1,inv,6b7c162441d3,True,f045639,True,0.322747858013282,True
"outer=sq|sn_i_bond|div(d,r)|within=top2_deviation|across=range",A,sn_i_bond,"div(d,r)",div,d+r,top2_deviation,range,1,sq,2320788e1f3f,True,f045640,True,1.37946487733148,True
"outer=sqrt|sn_i_bond|div(d,r)|within=top2_deviation|across=range",A,sn_i_bond,"div(d,r)",div,d+r,top2_deviation,range,1,sqrt,924e5927c20f,True,f045641,True,2.10163022228469,True
"outer=sq|sn_i_bond|div(d,r)|within=top2_deviation|across=site_cv",A,sn_i_bond,"div(d,r)",div,d+r,top2_deviation,site_cv,1,sq,d1b3322a2de0,True,f045642,True,0.460547640445967,True
"outer=sqrt|sn_i_bond|div(d,r)|within=top2_deviation|across=site_cv",A,sn_i_bond,"div(d,r)",div,d+r,top2_deviation,site_cv,1,sqrt,2ece66a298d4,True,f045643,True,1.67065021082915,True
"outer=sq|sn_i_bond|div(r,d)|within=mean|across=mean",A,sn_i_bond,"div(r,d)",div_reverse,d+r,mean,mean,1,sq,081754c693b9,True,f045644,True,4.41251905167872,True
"outer=sqrt|sn_i_bond|div(r,d)|within=mean|across=mean",A,sn_i_bond,"div(r,d)",div_reverse,d+r,mean,mean,1,sqrt,3d06421e6098,True,f045645,True,4.39632000488144,True
"outer=inv|sn_i_bond|div(r,d)|within=mean|across=mean",A,sn_i_bond,"div(r,d)",div_reverse,d+r,mean,mean,1,inv,bf98eb173476,True,f045646,True,4.38004484083244,True
"outer=sq|sn_i_bond|div(r,d)|within=mean|across=median",A,sn_i_bond,"div(r,d)",div_reverse,d+r,mean,median,1,sq,a7ba6595d4ec,True,f045647,True,4.41397323459684,True
"outer=sqrt|sn_i_bond|div(r,d)|within=mean|across=median",A,sn_i_bond,"div(r,d)",div_reverse,d+r,mean,median,1,sqrt,c525045b262d,True,f045648,True,4.39778293019974,True
"outer=inv|sn_i_bond|div(r,d)|within=mean|across=median",A,sn_i_bond,"div(r,d)",div_reverse,d+r,mean,median,1,inv,7450aced7e87,True,f045649,True,4.38151646993479,True
"outer=sq|sn_i_bond|div(r,d)|within=mean|across=max",A,sn_i_bond,"div(r,d)",div_reverse,d+r,mean,max,1,sq,7d5e11364377,True,f045650,True,4.85380638764869,True
"outer=sqrt|sn_i_bond|div(r,d)|within=mean|across=max",A,sn_i_bond,"div(r,d)",div_reverse,d+r,mean,max,1,sqrt,005ba81a6ab0,True,f045651,True,4.84450396480659,True
"outer=inv|sn_i_bond|div(r,d)|within=mean|across=max",A,sn_i_bond,"div(r,d)",div_reverse,d+r,mean,max,1,inv,2d4eac68748f,True,f045652,True,4.83509629960526,True
"outer=sqrt|sn_i_bond|div(r,d)|within=mean|across=range",A,sn_i_bond,"div(r,d)",div_reverse,d+r,mean,range,1,sqrt,37de04563676,True,f045654,True,4.76317538131878,True
"outer=sqrt|sn_i_bond|div(r,d)|within=mean|across=site_cv",A,sn_i_bond,"div(r,d)",div_reverse,d+r,mean,site_cv,1,sqrt,39b376dba311,True,f045656,True,4.73352631238483,True
"outer=sq|sn_i_bond|div(r,d)|within=sd|across=mean",A,sn_i_bond,"div(r,d)",div_reverse,d+r,sd,mean,1,sq,2123b6c6d6dd,True,f045657,True,1.6472147110476,True
"outer=sqrt|sn_i_bond|div(r,d)|within=sd|across=mean",A,sn_i_bond,"div(r,d)",div_reverse,d+r,sd,mean,1,sqrt,88d7b05daa4b,True,f045658,True,0.663551632068217,True
"outer=inv|sn_i_bond|div(r,d)|within=sd|across=mean",A,sn_i_bond,"div(r,d)",div_reverse,d+r,sd,mean,1,inv,7add92569de5,True,f045659,True,0.145503925047209,True
"outer=sq|sn_i_bond|div(r,d)|within=sd|across=median",A,sn_i_bond,"div(r,d)",div_reverse,d+r,sd,median,1,sq,37ccd0bbb1c5,True,f045660,True,1.6419320856978,True
"outer=sqrt|sn_i_bond|div(r,d)|within=sd|across=median",A,sn_i_bond,"div(r,d)",div_reverse,d+r,sd,median,1,sqrt,9429557dafaf,True,f045661,True,0.661042347714228,True
"outer=inv|sn_i_bond|div(r,d)|within=sd|across=median",A,sn_i_bond,"div(r,d)",div_reverse,d+r,sd,median,1,inv,81bd45b5c166,True,f045662,True,0.145507022642836,True
"outer=sq|sn_i_bond|div(r,d)|within=sd|across=max",A,sn_i_bond,"div(r,d)",div_reverse,d+r,sd,max,1,sq,680dd4ddad5d,True,f045663,True,1.16154701035308,True
"outer=sqrt|sn_i_bond|div(r,d)|within=sd|across=max",A,sn_i_bond,"div(r,d)",div_reverse,d+r,sd,max,1,sqrt,e12b4b7c253b,True,f045664,True,0.527022640679279,True
"outer=inv|sn_i_bond|div(r,d)|within=sd|across=max",A,sn_i_bond,"div(r,d)",div_reverse,d+r,sd,max,1,inv,c4a4f11bf6e9,True,f045665,True,0.167698941657627,True
"outer=sq|sn_i_bond|div(r,d)|within=sd|across=range",A,sn_i_bond,"div(r,d)",div_reverse,d+r,sd,range,1,sq,86280b110989,True,f045666,True,0.283352165693242,True
"outer=sqrt|sn_i_bond|div(r,d)|within=sd|across=range",A,sn_i_bond,"div(r,d)",div_reverse,d+r,sd,range,1,sqrt,28485cc52707,True,f045667,True,2.17447170057104,True
"outer=sq|sn_i_bond|div(r,d)|within=sd|across=site_cv",A,sn_i_bond,"div(r,d)",div_reverse,d+r,sd,site_cv,1,sq,bb7fabb367af,True,f045668,True,0.0526100708586014,True
"outer=sqrt|sn_i_bond|div(r,d)|within=sd|across=site_cv",A,sn_i_bond,"div(r,d)",div_reverse,d+r,sd,site_cv,1,sqrt,35a519058a68,True,f045669,True,1.62201735109388,True
"outer=sq|sn_i_bond|div(r,d)|within=cv|across=mean",A,sn_i_bond,"div(r,d)",div_reverse,d+r,cv,mean,1,sq,0e4ddab4e159,True,f045670,True,1.62404278335012,True
"outer=sqrt|sn_i_bond|div(r,d)|within=cv|across=mean",A,sn_i_bond,"div(r,d)",div_reverse,d+r,cv,mean,1,sqrt,f3ef9af9c50d,True,f045671,True,0.656081349017364,True
"outer=inv|sn_i_bond|div(r,d)|within=cv|across=mean",A,sn_i_bond,"div(r,d)",div_reverse,d+r,cv,mean,1,inv,9d3218e51010,True,f045672,True,0.152419632081238,True
"outer=sq|sn_i_bond|div(r,d)|within=cv|across=median",A,sn_i_bond,"div(r,d)",div_reverse,d+r,cv,median,1,sq,ae459041d406,True,f045673,True,1.61974181111716,True
"outer=sqrt|sn_i_bond|div(r,d)|within=cv|across=median",A,sn_i_bond,"div(r,d)",div_reverse,d+r,cv,median,1,sqrt,7d312cb50214,True,f045674,True,0.653967447316218,True
"outer=inv|sn_i_bond|div(r,d)|within=cv|across=median",A,sn_i_bond,"div(r,d)",div_reverse,d+r,cv,median,1,inv,fb56c92f41ed,True,f045675,True,0.152422774048665,True
"outer=sq|sn_i_bond|div(r,d)|within=cv|across=max",A,sn_i_bond,"div(r,d)",div_reverse,d+r,cv,max,1,sq,e227c433f68e,True,f045676,True,1.12161991101284,True
"outer=sqrt|sn_i_bond|div(r,d)|within=cv|across=max",A,sn_i_bond,"div(r,d)",div_reverse,d+r,cv,max,1,sqrt,b5bf16dea430,True,f045677,True,0.511951073664612,True
"outer=inv|sn_i_bond|div(r,d)|within=cv|across=max",A,sn_i_bond,"div(r,d)",div_reverse,d+r,cv,max,1,inv,01ef00899748,True,f045678,True,0.175409134850653,True
"outer=sq|sn_i_bond|div(r,d)|within=cv|across=range",A,sn_i_bond,"div(r,d)",div_reverse,d+r,cv,range,1,sq,10137b581c9d,True,f045679,True,0.325398310804536,True
"outer=sqrt|sn_i_bond|div(r,d)|within=cv|across=range",A,sn_i_bond,"div(r,d)",div_reverse,d+r,cv,range,1,sqrt,d117ede312db,True,f045680,True,2.21607658166206,True
"outer=sq|sn_i_bond|div(r,d)|within=cv|across=site_cv",A,sn_i_bond,"div(r,d)",div_reverse,d+r,cv,site_cv,1,sq,cf22c0047e80,True,f045681,True,0.0589855141748022,True
"outer=sqrt|sn_i_bond|div(r,d)|within=cv|across=site_cv",A,sn_i_bond,"div(r,d)",div_reverse,d+r,cv,site_cv,1,sqrt,60d36ddd7d10,True,f045682,True,1.64654071814993,True
"outer=sq|sn_i_bond|div(r,d)|within=normalized_range|across=mean",A,sn_i_bond,"div(r,d)",div_reverse,d+r,normalized_range,mean,1,sq,9d35cf2cadbe,True,f045683,True,1.1311746898733,True
"outer=sqrt|sn_i_bond|div(r,d)|within=normalized_range|across=mean",A,sn_i_bond,"div(r,d)",div_reverse,d+r,normalized_range,mean,1,sqrt,ed73dfb14fd7,True,f045684,True,0.877990631787492,True
"outer=inv|sn_i_bond|div(r,d)|within=normalized_range|across=mean",A,sn_i_bond,"div(r,d)",div_reverse,d+r,normalized_range,mean,1,inv,7657488144e3,True,f045685,True,0.252468757693635,True
"outer=sq|sn_i_bond|div(r,d)|within=normalized_range|across=median",A,sn_i_bond,"div(r,d)",div_reverse,d+r,normalized_range,median,1,sq,cea6f4eb2b77,True,f045686,True,1.08512347563149,True
"outer=sqrt|sn_i_bond|div(r,d)|within=normalized_range|across=median",A,sn_i_bond,"div(r,d)",div_reverse,d+r,normalized_range,median,1,sqrt,9dd9604f4de5,True,f045687,True,0.878130761229941,True
"outer=inv|sn_i_bond|div(r,d)|within=normalized_range|across=median",A,sn_i_bond,"div(r,d)",div_reverse,d+r,normalized_range,median,1,inv,88699b1cf36f,True,f045688,True,0.252472997920776,True
"outer=sq|sn_i_bond|div(r,d)|within=normalized_range|across=max",A,sn_i_bond,"div(r,d)",div_reverse,d+r,normalized_range,max,1,sq,5c6adaa192b8,True,f045689,True,0.64355212466533,True
"outer=sqrt|sn_i_bond|div(r,d)|within=normalized_range|across=max",A,sn_i_bond,"div(r,d)",div_reverse,d+r,normalized_range,max,1,sqrt,bcced0fbc6bd,True,f045690,True,0.770869675451231,True
"outer=inv|sn_i_bond|div(r,d)|within=normalized_range|across=max",A,sn_i_bond,"div(r,d)",div_reverse,d+r,normalized_range,max,1,inv,158360740c2f,True,f045691,True,0.25181240664927,True
"outer=sq|sn_i_bond|div(r,d)|within=normalized_range|across=range",A,sn_i_bond,"div(r,d)",div_reverse,d+r,normalized_range,range,1,sq,8dae183239b6,True,f045692,True,1.2402910375094,True
"outer=sqrt|sn_i_bond|div(r,d)|within=normalized_range|across=range",A,sn_i_bond,"div(r,d)",div_reverse,d+r,normalized_range,range,1,sqrt,b5ea89f78eef,True,f045693,True,1.15075201678485,True
"outer=sq|sn_i_bond|div(r,d)|within=normalized_range|across=site_cv",A,sn_i_bond,"div(r,d)",div_reverse,d+r,normalized_range,site_cv,1,sq,9050b5a9c9d7,True,f045694,True,0.433534664549859,True
"outer=sqrt|sn_i_bond|div(r,d)|within=normalized_range|across=site_cv",A,sn_i_bond,"div(r,d)",div_reverse,d+r,normalized_range,site_cv,1,sqrt,af982915f568,True,f045695,True,0.979484766304964,True
"outer=sqrt|sn_i_bond|div(r,d)|within=mad|across=mean",A,sn_i_bond,"div(r,d)",div_reverse,d+r,mad,mean,1,sqrt,fc63725a7d3c,True,f045697,True,2.03400520930723,True
"outer=inv|sn_i_bond|div(r,d)|within=mad|across=mean",A,sn_i_bond,"div(r,d)",div_reverse,d+r,mad,mean,1,inv,b73b423a9d4d,True,f045698,True,0.0006557856732247,True
"outer=sqrt|sn_i_bond|div(r,d)|within=mad|across=median",A,sn_i_bond,"div(r,d)",div_reverse,d+r,mad,median,1,sqrt,a15cb42a0936,True,f045700,True,2.03858746753855,True
"outer=inv|sn_i_bond|div(r,d)|within=mad|across=median",A,sn_i_bond,"div(r,d)",div_reverse,d+r,mad,median,1,inv,84380ebd6606,True,f045701,True,0.0006557856356303,True
"outer=sq|sn_i_bond|div(r,d)|within=mad|across=max",A,sn_i_bond,"div(r,d)",div_reverse,d+r,mad,max,1,sq,cdf37f8beb37,True,f045702,True,4.65823949883061,True
"outer=sqrt|sn_i_bond|div(r,d)|within=mad|across=max",A,sn_i_bond,"div(r,d)",div_reverse,d+r,mad,max,1,sqrt,f43162e9a5ae,True,f045703,True,1.4042608901871,True
"outer=inv|sn_i_bond|div(r,d)|within=mad|across=max",A,sn_i_bond,"div(r,d)",div_reverse,d+r,mad,max,1,inv,903bb64f4408,True,f045704,True,0.000655808171087,True
"outer=sq|sn_i_bond|div(r,d)|within=mad|across=range",A,sn_i_bond,"div(r,d)",div_reverse,d+r,mad,range,1,sq,c1b57b04626a,True,f045705,True,3.84279016860593,True
"outer=sqrt|sn_i_bond|div(r,d)|within=mad|across=range",A,sn_i_bond,"div(r,d)",div_reverse,d+r,mad,range,1,sqrt,0814029ed222,True,f045706,True,1.62522085678444,True
"outer=sq|sn_i_bond|div(r,d)|within=mad|across=site_cv",A,sn_i_bond,"div(r,d)",div_reverse,d+r,mad,site_cv,1,sq,2e5c5362c617,True,f045707,True,4.86668039283673,True
"outer=sqrt|sn_i_bond|div(r,d)|within=mad|across=site_cv",A,sn_i_bond,"div(r,d)",div_reverse,d+r,mad,site_cv,1,sqrt,6a2f7f474f2f,True,f045708,True,2.97573136221446,True
"outer=sq|sn_i_bond|div(r,d)|within=iqr|across=mean",A,sn_i_bond,"div(r,d)",div_reverse,d+r,iqr,mean,1,sq,a27ff547ccd8,True,f045709,True,4.90489586562731,True
"outer=sqrt|sn_i_bond|div(r,d)|within=iqr|across=mean",A,sn_i_bond,"div(r,d)",div_reverse,d+r,iqr,mean,1,sqrt,bb0ab68dfaf0,True,f045710,True,1.78504173994156,True
"outer=inv|sn_i_bond|div(r,d)|within=iqr|across=mean",A,sn_i_bond,"div(r,d)",div_reverse,d+r,iqr,mean,1,inv,37ee7bc7a897,True,f045711,True,0.483574106110376,True
"outer=sq|sn_i_bond|div(r,d)|within=iqr|across=median",A,sn_i_bond,"div(r,d)",div_reverse,d+r,iqr,median,1,sq,78b50c078c7c,True,f045712,True,4.89936228663038,True
"outer=sqrt|sn_i_bond|div(r,d)|within=iqr|across=median",A,sn_i_bond,"div(r,d)",div_reverse,d+r,iqr,median,1,sqrt,d02be9147f54,True,f045713,True,1.78289058319107,True
"outer=inv|sn_i_bond|div(r,d)|within=iqr|across=median",A,sn_i_bond,"div(r,d)",div_reverse,d+r,iqr,median,1,inv,e3bdcd9a6fc5,True,f045714,True,0.483590455380778,True
"outer=sq|sn_i_bond|div(r,d)|within=iqr|across=max",A,sn_i_bond,"div(r,d)",div_reverse,d+r,iqr,max,1,sq,8f084388b7b5,True,f045715,True,4.88984308204099,True
"outer=sqrt|sn_i_bond|div(r,d)|within=iqr|across=max",A,sn_i_bond,"div(r,d)",div_reverse,d+r,iqr,max,1,sqrt,e7d6121bd06e,True,f045716,True,1.86569886043442,True
"outer=inv|sn_i_bond|div(r,d)|within=iqr|across=max",A,sn_i_bond,"div(r,d)",div_reverse,d+r,iqr,max,1,inv,e1f44ab421f3,True,f045717,True,0.514618483653764,True
"outer=sqrt|sn_i_bond|div(r,d)|within=iqr|across=range",A,sn_i_bond,"div(r,d)",div_reverse,d+r,iqr,range,1,sqrt,5bddf79e5a33,True,f045719,True,1.4792553547668,True
"outer=sq|sn_i_bond|div(r,d)|within=iqr|across=site_cv",A,sn_i_bond,"div(r,d)",div_reverse,d+r,iqr,site_cv,1,sq,669e971a2f51,True,f045720,True,1.34999916320411,True
"outer=sqrt|sn_i_bond|div(r,d)|within=iqr|across=site_cv",A,sn_i_bond,"div(r,d)",div_reverse,d+r,iqr,site_cv,1,sqrt,1efcadbc2c02,True,f045721,True,1.24565502184962,True
"outer=sq|sn_i_bond|div(r,d)|within=min|across=mean",A,sn_i_bond,"div(r,d)",div_reverse,d+r,min,mean,1,sq,d764ee51c388,True,f045722,True,1.13783636155221,True
"outer=sqrt|sn_i_bond|div(r,d)|within=min|across=mean",A,sn_i_bond,"div(r,d)",div_reverse,d+r,min,mean,1,sqrt,728174e6fe78,True,f045723,True,1.13624383092703,True
"outer=inv|sn_i_bond|div(r,d)|within=min|across=mean",A,sn_i_bond,"div(r,d)",div_reverse,d+r,min,mean,1,inv,f8b255f0a8b4,True,f045724,True,1.13390732924905,True
"outer=sq|sn_i_bond|div(r,d)|within=min|across=median",A,sn_i_bond,"div(r,d)",div_reverse,d+r,min,median,1,sq,9c7701626a39,True,f045725,True,1.13777340065575,True
"outer=sqrt|sn_i_bond|div(r,d)|within=min|across=median",A,sn_i_bond,"div(r,d)",div_reverse,d+r,min,median,1,sqrt,492c62c430af,True,f045726,True,1.13617806565289,True
"outer=inv|sn_i_bond|div(r,d)|within=min|across=median",A,sn_i_bond,"div(r,d)",div_reverse,d+r,min,median,1,inv,1f6d78302faf,True,f045727,True,1.13383872501966,True
"outer=sq|sn_i_bond|div(r,d)|within=min|across=max",A,sn_i_bond,"div(r,d)",div_reverse,d+r,min,max,1,sq,c8e2be010ca0,True,f045728,True,1.3252605089578,True
"outer=sqrt|sn_i_bond|div(r,d)|within=min|across=max",A,sn_i_bond,"div(r,d)",div_reverse,d+r,min,max,1,sqrt,9e4ae35d58f8,True,f045729,True,1.36638527131313,True
"outer=inv|sn_i_bond|div(r,d)|within=min|across=max",A,sn_i_bond,"div(r,d)",div_reverse,d+r,min,max,1,inv,a8511eddf8f3,True,f045730,True,1.40811254177892,True
"outer=sq|sn_i_bond|div(r,d)|within=min|across=range",A,sn_i_bond,"div(r,d)",div_reverse,d+r,min,range,1,sq,eb24676d2f70,True,f045731,True,2.04178685896931,True
"outer=sqrt|sn_i_bond|div(r,d)|within=min|across=range",A,sn_i_bond,"div(r,d)",div_reverse,d+r,min,range,1,sqrt,165cf487b022,True,f045732,True,1.36542184811368,True
"outer=sq|sn_i_bond|div(r,d)|within=min|across=site_cv",A,sn_i_bond,"div(r,d)",div_reverse,d+r,min,site_cv,1,sq,22473513fee3,True,f045733,True,2.234621141294,True
"outer=sqrt|sn_i_bond|div(r,d)|within=min|across=site_cv",A,sn_i_bond,"div(r,d)",div_reverse,d+r,min,site_cv,1,sqrt,486629d0b66e,True,f045734,True,1.42148756348441,True
"outer=sq|sn_i_bond|div(r,d)|within=max|across=mean",A,sn_i_bond,"div(r,d)",div_reverse,d+r,max,mean,1,sq,cdb7f9374d8a,True,f045735,True,0.706335081614938,True
"outer=sqrt|sn_i_bond|div(r,d)|within=max|across=mean",A,sn_i_bond,"div(r,d)",div_reverse,d+r,max,mean,1,sqrt,9cd4c521aaf7,True,f045736,True,0.700720808728407,True
"outer=inv|sn_i_bond|div(r,d)|within=max|across=mean",A,sn_i_bond,"div(r,d)",div_reverse,d+r,max,mean,1,inv,1b33deb111d6,True,f045737,True,0.69490741165319,True
"outer=sq|sn_i_bond|div(r,d)|within=max|across=median",A,sn_i_bond,"div(r,d)",div_reverse,d+r,max,median,1,sq,c38b4305f047,True,f045738,True,0.711104072978958,True
"outer=sqrt|sn_i_bond|div(r,d)|within=max|across=median",A,sn_i_bond,"div(r,d)",div_reverse,d+r,max,median,1,sqrt,e694f0191b47,True,f045739,True,0.705439957368377,True
"outer=inv|sn_i_bond|div(r,d)|within=max|across=median",A,sn_i_bond,"div(r,d)",div_reverse,d+r,max,median,1,inv,94b9dd7fe71a,True,f045740,True,0.699575877760268,True
"outer=sq|sn_i_bond|div(r,d)|within=max|across=max",A,sn_i_bond,"div(r,d)",div_reverse,d+r,max,max,1,sq,3acc31543dce,True,f045741,True,0.770666392034183,True
"outer=sqrt|sn_i_bond|div(r,d)|within=max|across=max",A,sn_i_bond,"div(r,d)",div_reverse,d+r,max,max,1,sqrt,c75d5d445028,True,f045742,True,0.765348605978334,True
"outer=inv|sn_i_bond|div(r,d)|within=max|across=max",A,sn_i_bond,"div(r,d)",div_reverse,d+r,max,max,1,inv,148a2c52e6e2,True,f045743,True,0.759711383577019,True
"outer=sq|sn_i_bond|div(r,d)|within=max|across=range",A,sn_i_bond,"div(r,d)",div_reverse,d+r,max,range,1,sq,3878becf360c,True,f045744,True,0.93288460291133,True
"outer=sqrt|sn_i_bond|div(r,d)|within=max|across=range",A,sn_i_bond,"div(r,d)",div_reverse,d+r,max,range,1,sqrt,3df102bad5ba,True,f045745,True,1.54062432569215,True
"outer=sq|sn_i_bond|div(r,d)|within=max|across=site_cv",A,sn_i_bond,"div(r,d)",div_reverse,d+r,max,site_cv,1,sq,2c3581790c62,True,f045746,True,1.154575883199,True
"outer=sqrt|sn_i_bond|div(r,d)|within=max|across=site_cv",A,sn_i_bond,"div(r,d)",div_reverse,d+r,max,site_cv,1,sqrt,da5cf57c1112,True,f045747,True,1.58020451531678,True
"outer=sq|sn_i_bond|div(r,d)|within=top2_deviation|across=mean",A,sn_i_bond,"div(r,d)",div_reverse,d+r,top2_deviation,mean,1,sq,32d9171d723e,True,f045748,True,1.06107005246224,True
"outer=sqrt|sn_i_bond|div(r,d)|within=top2_deviation|across=mean",A,sn_i_bond,"div(r,d)",div_reverse,d+r,top2_deviation,mean,1,sqrt,08373cc6a8e3,True,f045749,True,0.868797350747329,True
"outer=inv|sn_i_bond|div(r,d)|within=top2_deviation|across=mean",A,sn_i_bond,"div(r,d)",div_reverse,d+r,top2_deviation,mean,1,inv,ffb18bccf677,True,f045750,True,0.256410858579418,True
"outer=sq|sn_i_bond|div(r,d)|within=top2_deviation|across=median",A,sn_i_bond,"div(r,d)",div_reverse,d+r,top2_deviation,median,1,sq,e48ce8fc0a06,True,f045751,True,1.0137964189693,True
"outer=sqrt|sn_i_bond|div(r,d)|within=top2_deviation|across=median",A,sn_i_bond,"div(r,d)",div_reverse,d+r,top2_deviation,median,1,sqrt,790ef8e8e5fe,True,f045752,True,0.868939994713338,True
"outer=inv|sn_i_bond|div(r,d)|within=top2_deviation|across=median",A,sn_i_bond,"div(r,d)",div_reverse,d+r,top2_deviation,median,1,inv,fbce78e4532a,True,f045753,True,0.2564154687342,True
"outer=sq|sn_i_bond|div(r,d)|within=top2_deviation|across=max",A,sn_i_bond,"div(r,d)",div_reverse,d+r,top2_deviation,max,1,sq,b34843252569,True,f045754,True,0.643667359109908,True
"outer=sqrt|sn_i_bond|div(r,d)|within=top2_deviation|across=max",A,sn_i_bond,"div(r,d)",div_reverse,d+r,top2_deviation,max,1,sqrt,b7701df60955,True,f045755,True,0.789357349561475,True
"outer=inv|sn_i_bond|div(r,d)|within=top2_deviation|across=max",A,sn_i_bond,"div(r,d)",div_reverse,d+r,top2_deviation,max,1,inv,cd12ff99bf46,True,f045756,True,0.317570704031529,True
"outer=sq|sn_i_bond|div(r,d)|within=top2_deviation|across=range",A,sn_i_bond,"div(r,d)",div_reverse,d+r,top2_deviation,range,1,sq,df3ebbf9a899,True,f045757,True,1.28970266711831,True
"outer=sqrt|sn_i_bond|div(r,d)|within=top2_deviation|across=range",A,sn_i_bond,"div(r,d)",div_reverse,d+r,top2_deviation,range,1,sqrt,fe94f7a6716e,True,f045758,True,1.96245804563941,True
"outer=sq|sn_i_bond|div(r,d)|within=top2_deviation|across=site_cv",A,sn_i_bond,"div(r,d)",div_reverse,d+r,top2_deviation,site_cv,1,sq,3d89d8800eba,True,f045759,True,0.44191839865909,True
"outer=sqrt|sn_i_bond|div(r,d)|within=top2_deviation|across=site_cv",A,sn_i_bond,"div(r,d)",div_reverse,d+r,top2_deviation,site_cv,1,sqrt,6e167954bb30,True,f045760,True,1.59184432197631,True
"outer=sq|sn_i_bond|mult(h,r)|within=sd|across=site_cv",A,sn_i_bond,"mult(h,r)",mult,h+r,sd,site_cv,1,sq,d094393c10d6,True,f052482,True,0.296861467528396,True
"outer=sqrt|sn_i_bond|mult(h,r)|within=sd|across=site_cv",A,sn_i_bond,"mult(h,r)",mult,h+r,sd,site_cv,1,sqrt,cabb6ed4bab3,True,f052483,True,1.68783585041628,True
"outer=sq|sn_i_bond|mult(h,r)|within=cv|across=mean",A,sn_i_bond,"mult(h,r)",mult,h+r,cv,mean,1,sq,4b6d1f7ce33d,True,f052484,True,1.99339906503067,True
"outer=sqrt|sn_i_bond|mult(h,r)|within=cv|across=mean",A,sn_i_bond,"mult(h,r)",mult,h+r,cv,mean,1,sqrt,589d0483fb6f,True,f052485,True,0.616736162406768,True
"outer=inv|sn_i_bond|mult(h,r)|within=cv|across=mean",A,sn_i_bond,"mult(h,r)",mult,h+r,cv,mean,1,inv,49cd50a044a4,True,f052486,True,0.0155239342888784,True
"outer=sq|sn_i_bond|mult(h,r)|within=cv|across=median",A,sn_i_bond,"mult(h,r)",mult,h+r,cv,median,1,sq,6c85aaf70642,True,f052487,True,1.98504434752197,True
"outer=sqrt|sn_i_bond|mult(h,r)|within=cv|across=median",A,sn_i_bond,"mult(h,r)",mult,h+r,cv,median,1,sqrt,2df330df08de,True,f052488,True,0.613963358450385,True
"outer=inv|sn_i_bond|mult(h,r)|within=cv|across=median",A,sn_i_bond,"mult(h,r)",mult,h+r,cv,median,1,inv,8e406c4c09ef,True,f052489,True,0.015523943218042,True
"outer=sq|sn_i_bond|mult(h,r)|within=cv|across=max",A,sn_i_bond,"mult(h,r)",mult,h+r,cv,max,1,sq,967e85cd30ce,True,f052490,True,3.78723555403553,True
"outer=sqrt|sn_i_bond|mult(h,r)|within=cv|across=max",A,sn_i_bond,"mult(h,r)",mult,h+r,cv,max,1,sqrt,966ebb549b3d,True,f052491,True,1.07740940928079,True
"outer=inv|sn_i_bond|mult(h,r)|within=cv|across=max",A,sn_i_bond,"mult(h,r)",mult,h+r,cv,max,1,inv,c80e7fbf7fe4,True,f052492,True,0.0204181472902202,True
"outer=sq|sn_i_bond|mult(h,r)|within=cv|across=range",A,sn_i_bond,"mult(h,r)",mult,h+r,cv,range,1,sq,2f504b8491e2,True,f052493,True,1.8615069969815,True
"outer=sqrt|sn_i_bond|mult(h,r)|within=cv|across=range",A,sn_i_bond,"mult(h,r)",mult,h+r,cv,range,1,sqrt,6e5ad4c4036e,True,f052494,True,2.99628621728129,True
"outer=sq|sn_i_bond|mult(h,r)|within=cv|across=site_cv",A,sn_i_bond,"mult(h,r)",mult,h+r,cv,site_cv,1,sq,b34ecd1012d0,True,f052495,True,0.308184409285312,True
"outer=sqrt|sn_i_bond|mult(h,r)|within=cv|across=site_cv",A,sn_i_bond,"mult(h,r)",mult,h+r,cv,site_cv,1,sqrt,9da83fc9dd11,True,f052496,True,1.7625455789273,True
"outer=sq|sn_i_bond|mult(h,r)|within=normalized_range|across=mean",A,sn_i_bond,"mult(h,r)",mult,h+r,normalized_range,mean,1,sq,bc5a10eceb95,True,f052497,True,1.66163764340716,True
"outer=sqrt|sn_i_bond|mult(h,r)|within=normalized_range|across=mean",A,sn_i_bond,"mult(h,r)",mult,h+r,normalized_range,mean,1,sqrt,04f74a38cf8e,True,f052498,True,0.95647236286877,True
"outer=inv|sn_i_bond|mult(h,r)|within=normalized_range|across=mean",A,sn_i_bond,"mult(h,r)",mult,h+r,normalized_range,mean,1,inv,31a0d60620de,True,f052499,True,0.0301164785086994,True
"outer=sq|sn_i_bond|mult(h,r)|within=normalized_range|across=median",A,sn_i_bond,"mult(h,r)",mult,h+r,normalized_range,median,1,sq,0948c6bd8d01,True,f052500,True,1.66160226438103,True
"outer=sqrt|sn_i_bond|mult(h,r)|within=normalized_range|across=median",A,sn_i_bond,"mult(h,r)",mult,h+r,normalized_range,median,1,sqrt,4a8f6e77089b,True,f052501,True,0.956466765123179,True
"outer=inv|sn_i_bond|mult(h,r)|within=normalized_range|across=median",A,sn_i_bond,"mult(h,r)",mult,h+r,normalized_range,median,1,inv,ed8405292931,True,f052502,True,0.0301164758588124,True
"outer=sq|sn_i_bond|mult(h,r)|within=normalized_range|across=max",A,sn_i_bond,"mult(h,r)",mult,h+r,normalized_range,max,1,sq,4001487ca270,True,f052503,True,1.86052230450159,True
"outer=sqrt|sn_i_bond|mult(h,r)|within=normalized_range|across=max",A,sn_i_bond,"mult(h,r)",mult,h+r,normalized_range,max,1,sqrt,8881fad045c1,True,f052504,True,0.899334699836717,True
"outer=inv|sn_i_bond|mult(h,r)|within=normalized_range|across=max",A,sn_i_bond,"mult(h,r)",mult,h+r,normalized_range,max,1,inv,b584bd6b0d81,True,f052505,True,0.0304349514827725,True
"outer=sq|sn_i_bond|mult(h,r)|within=normalized_range|across=range",A,sn_i_bond,"mult(h,r)",mult,h+r,normalized_range,range,1,sq,8f2e2be446c6,True,f052506,True,1.15865670119781,True
"outer=sqrt|sn_i_bond|mult(h,r)|within=normalized_range|across=range",A,sn_i_bond,"mult(h,r)",mult,h+r,normalized_range,range,1,sqrt,9d4a9bde07be,True,f052507,True,1.06100643375135,True
"outer=sq|sn_i_bond|mult(h,r)|within=normalized_range|across=site_cv",A,sn_i_bond,"mult(h,r)",mult,h+r,normalized_range,site_cv,1,sq,38e3c11da0ae,True,f052508,True,0.223195185559444,True
"outer=sqrt|sn_i_bond|mult(h,r)|within=normalized_range|across=site_cv",A,sn_i_bond,"mult(h,r)",mult,h+r,normalized_range,site_cv,1,sqrt,9f79ed614b7f,True,f052509,True,0.539113333718388,True
"outer=sqrt|sn_i_bond|mult(h,r)|within=mad|across=site_cv",A,sn_i_bond,"mult(h,r)",mult,h+r,mad,site_cv,1,sqrt,d194df4b19bd,True,f052522,True,4.7962758975712,True
"outer=sq|sn_i_bond|mult(h,r)|within=max|across=site_cv",A,sn_i_bond,"mult(h,r)",mult,h+r,max,site_cv,1,sq,f486e6640d82,True,f052560,True,2.50284607241495,True
"outer=sqrt|sn_i_bond|mult(h,r)|within=max|across=site_cv",A,sn_i_bond,"mult(h,r)",mult,h+r,max,site_cv,1,sqrt,615e1b99a566,True,f052561,True,2.20371563476756,True
"outer=sq|sn_i_bond|mult(h,r)|within=top2_deviation|across=site_cv",A,sn_i_bond,"mult(h,r)",mult,h+r,top2_deviation,site_cv,1,sq,aba072a9cb0d,True,f052573,True,0.152560875666611,True
"outer=sqrt|sn_i_bond|mult(h,r)|within=top2_deviation|across=site_cv",A,sn_i_bond,"mult(h,r)",mult,h+r,top2_deviation,site_cv,1,sqrt,7714e76eef37,True,f052574,True,0.572455979198012,True
"outer=sq|sn_i_bond|div(h,r)|within=sd|across=site_cv",A,sn_i_bond,"div(h,r)",div,h+r,sd,site_cv,1,sq,637209adf530,True,f052599,True,1.58600749450915,True
"outer=sqrt|sn_i_bond|div(h,r)|within=sd|across=site_cv",A,sn_i_bond,"div(h,r)",div,h+r,sd,site_cv,1,sqrt,3dda72ac4826,True,f052600,True,4.61207143565283,True
"outer=sq|sn_i_bond|div(h,r)|within=cv|across=mean",A,sn_i_bond,"div(h,r)",div,h+r,cv,mean,1,sq,3454b9d08019,True,f052601,True,2.40889700941158,True
"outer=sqrt|sn_i_bond|div(h,r)|within=cv|across=mean",A,sn_i_bond,"div(h,r)",div,h+r,cv,mean,1,sqrt,6d37a9314ead,True,f052602,True,1.25837854925278,True
"outer=inv|sn_i_bond|div(h,r)|within=cv|across=mean",A,sn_i_bond,"div(h,r)",div,h+r,cv,mean,1,inv,c9552912c3db,True,f052603,True,0.0699486017529842,True
"outer=sq|sn_i_bond|div(h,r)|within=cv|across=median",A,sn_i_bond,"div(h,r)",div,h+r,cv,median,1,sq,95b5065919dc,True,f052604,True,2.4081339863353,True
"outer=sqrt|sn_i_bond|div(h,r)|within=cv|across=median",A,sn_i_bond,"div(h,r)",div,h+r,cv,median,1,sqrt,089f211d4926,True,f052605,True,1.25826381825715,True
"outer=inv|sn_i_bond|div(h,r)|within=cv|across=median",A,sn_i_bond,"div(h,r)",div,h+r,cv,median,1,inv,cf9ddf54f425,True,f052606,True,0.0699484064739233,True
"outer=sq|sn_i_bond|div(h,r)|within=cv|across=max",A,sn_i_bond,"div(h,r)",div,h+r,cv,max,1,sq,dc85dc894345,True,f052607,True,2.93322746784776,True
"outer=sqrt|sn_i_bond|div(h,r)|within=cv|across=max",A,sn_i_bond,"div(h,r)",div,h+r,cv,max,1,sqrt,f63d45afa32b,True,f052608,True,1.24978771176231,True
"outer=inv|sn_i_bond|div(h,r)|within=cv|across=max",A,sn_i_bond,"div(h,r)",div,h+r,cv,max,1,inv,c0442f25de18,True,f052609,True,0.0701817538132127,True
"outer=sq|sn_i_bond|div(h,r)|within=cv|across=site_cv",A,sn_i_bond,"div(h,r)",div,h+r,cv,site_cv,1,sq,7c27bc656503,True,f052612,True,1.59151094132032,True
"outer=sqrt|sn_i_bond|div(h,r)|within=cv|across=site_cv",A,sn_i_bond,"div(h,r)",div,h+r,cv,site_cv,1,sqrt,aa275a48598b,True,f052613,True,4.64359901586672,True
"outer=sq|sn_i_bond|div(h,r)|within=normalized_range|across=mean",A,sn_i_bond,"div(h,r)",div,h+r,normalized_range,mean,1,sq,4d1adf8b9140,True,f052614,True,4.84050660719478,True
"outer=sqrt|sn_i_bond|div(h,r)|within=normalized_range|across=mean",A,sn_i_bond,"div(h,r)",div,h+r,normalized_range,mean,1,sqrt,99fed4148289,True,f052615,True,2.67215774193313,True
"outer=inv|sn_i_bond|div(h,r)|within=normalized_range|across=mean",A,sn_i_bond,"div(h,r)",div,h+r,normalized_range,mean,1,inv,aadbd3504197,True,f052616,True,0.128651788526557,True
"outer=sq|sn_i_bond|div(h,r)|within=normalized_range|across=median",A,sn_i_bond,"div(h,r)",div,h+r,normalized_range,median,1,sq,642aa4df7338,True,f052617,True,4.84110129732046,True
"outer=sqrt|sn_i_bond|div(h,r)|within=normalized_range|across=median",A,sn_i_bond,"div(h,r)",div,h+r,normalized_range,median,1,sqrt,0a32c6c46144,True,f052618,True,2.6722507145455,True
"outer=inv|sn_i_bond|div(h,r)|within=normalized_range|across=median",A,sn_i_bond,"div(h,r)",div,h+r,normalized_range,median,1,inv,535687b1af3d,True,f052619,True,0.128651899017082,True
"outer=sq|sn_i_bond|div(h,r)|within=normalized_range|across=max",A,sn_i_bond,"div(h,r)",div,h+r,normalized_range,max,1,sq,4754a2a3166b,True,f052620,True,4.08449190030139,True
"outer=sqrt|sn_i_bond|div(h,r)|within=normalized_range|across=max",A,sn_i_bond,"div(h,r)",div,h+r,normalized_range,max,1,sqrt,41ae9ef67d64,True,f052621,True,2.54752362982342,True
"outer=inv|sn_i_bond|div(h,r)|within=normalized_range|across=max",A,sn_i_bond,"div(h,r)",div,h+r,normalized_range,max,1,inv,2d8c7e78ea7f,True,f052622,True,0.128913467492354,True
"outer=sqrt|sn_i_bond|div(h,r)|within=normalized_range|across=range",A,sn_i_bond,"div(h,r)",div,h+r,normalized_range,range,1,sqrt,7e5ecbb2df45,True,f052624,True,4.39500022970757,True
"outer=sq|sn_i_bond|div(h,r)|within=normalized_range|across=site_cv",A,sn_i_bond,"div(h,r)",div,h+r,normalized_range,site_cv,1,sq,0b8e74834c2c,True,f052625,True,2.23382748439833,True
"outer=sqrt|sn_i_bond|div(h,r)|within=normalized_range|across=site_cv",A,sn_i_bond,"div(h,r)",div,h+r,normalized_range,site_cv,1,sqrt,4c19fd227ce5,True,f052626,True,3.46954309664828,True
"outer=sq|sn_i_bond|div(h,r)|within=mad|across=site_cv",A,sn_i_bond,"div(h,r)",div,h+r,mad,site_cv,1,sq,f89558cada35,True,f052638,True,3.86233474604383,True
"outer=sq|sn_i_bond|div(h,r)|within=iqr|across=site_cv",A,sn_i_bond,"div(h,r)",div,h+r,iqr,site_cv,1,sq,12a881b76d87,True,f052651,True,3.57083045529237,True
"outer=sq|sn_i_bond|div(h,r)|within=max|across=site_cv",A,sn_i_bond,"div(h,r)",div,h+r,max,site_cv,1,sq,be839ce3a67d,True,f052677,True,4.78967317257498,True
"outer=sq|sn_i_bond|div(h,r)|within=top2_deviation|across=site_cv",A,sn_i_bond,"div(h,r)",div,h+r,top2_deviation,site_cv,1,sq,a377dc7b8f3c,True,f052690,True,2.22381832078079,True
"outer=sqrt|sn_i_bond|div(h,r)|within=top2_deviation|across=site_cv",A,sn_i_bond,"div(h,r)",div,h+r,top2_deviation,site_cv,1,sqrt,f4befea918ac,True,f052691,True,3.44676896574508,True
"outer=sq|sn_i_bond|div(r,h)|within=sd|across=site_cv",A,sn_i_bond,"div(r,h)",div_reverse,h+r,sd,site_cv,1,sq,5eb2e49d4735,True,f052716,True,1.64378230501337,True
"outer=sqrt|sn_i_bond|div(r,h)|within=sd|across=site_cv",A,sn_i_bond,"div(r,h)",div_reverse,h+r,sd,site_cv,1,sqrt,9861292fd662,True,f052717,True,4.70206796660254,True
"outer=sq|sn_i_bond|div(r,h)|within=cv|across=mean",A,sn_i_bond,"div(r,h)",div_reverse,h+r,cv,mean,1,sq,66d6587795db,True,f052718,True,2.74376999152204,True
"outer=sqrt|sn_i_bond|div(r,h)|within=cv|across=mean",A,sn_i_bond,"div(r,h)",div_reverse,h+r,cv,mean,1,sqrt,2b288df109d8,True,f052719,True,1.40393762643862,True
"outer=inv|sn_i_bond|div(r,h)|within=cv|across=mean",A,sn_i_bond,"div(r,h)",div_reverse,h+r,cv,mean,1,inv,36512c92746a,True,f052720,True,0.077144136004196,True
"outer=sq|sn_i_bond|div(r,h)|within=cv|across=median",A,sn_i_bond,"div(r,h)",div_reverse,h+r,cv,median,1,sq,a4506c50ac3b,True,f052721,True,2.74286054567956,True
"outer=sqrt|sn_i_bond|div(r,h)|within=cv|across=median",A,sn_i_bond,"div(r,h)",div_reverse,h+r,cv,median,1,sqrt,cb47f09a57bf,True,f052722,True,1.4038035740803,True
"outer=inv|sn_i_bond|div(r,h)|within=cv|across=median",A,sn_i_bond,"div(r,h)",div_reverse,h+r,cv,median,1,inv,2698c794494d,True,f052723,True,0.0771439082067567,True
"outer=sq|sn_i_bond|div(r,h)|within=cv|across=max",A,sn_i_bond,"div(r,h)",div_reverse,h+r,cv,max,1,sq,2bd0a03b4622,True,f052724,True,2.64700910022291,True
"outer=sqrt|sn_i_bond|div(r,h)|within=cv|across=max",A,sn_i_bond,"div(r,h)",div_reverse,h+r,cv,max,1,sqrt,e85f62611dcf,True,f052725,True,1.38987249968351,True
"outer=inv|sn_i_bond|div(r,h)|within=cv|across=max",A,sn_i_bond,"div(r,h)",div_reverse,h+r,cv,max,1,inv,4df40b1c3d02,True,f052726,True,0.0773948033139436,True
"outer=sq|sn_i_bond|div(r,h)|within=cv|across=site_cv",A,sn_i_bond,"div(r,h)",div_reverse,h+r,cv,site_cv,1,sq,66c6349775b3,True,f052729,True,1.6316686974795,True
"outer=sqrt|sn_i_bond|div(r,h)|within=cv|across=site_cv",A,sn_i_bond,"div(r,h)",div_reverse,h+r,cv,site_cv,1,sqrt,30f62e1cd21b,True,f052730,True,4.66630170563979,True
"outer=sqrt|sn_i_bond|div(r,h)|within=normalized_range|across=mean",A,sn_i_bond,"div(r,h)",div_reverse,h+r,normalized_range,mean,1,sqrt,bc60fe4adbb4,True,f052732,True,2.81148942461494,True
"outer=inv|sn_i_bond|div(r,h)|within=normalized_range|across=mean",A,sn_i_bond,"div(r,h)",div_reverse,h+r,normalized_range,mean,1,inv,99674a97b05d,True,f052733,True,0.133656020682065,True
"outer=sqrt|sn_i_bond|div(r,h)|within=normalized_range|across=median",A,sn_i_bond,"div(r,h)",div_reverse,h+r,normalized_range,median,1,sqrt,2875fa140457,True,f052735,True,2.81161208181874,True
"outer=inv|sn_i_bond|div(r,h)|within=normalized_range|across=median",A,sn_i_bond,"div(r,h)",div_reverse,h+r,normalized_range,median,1,inv,a2294593ea7d,True,f052736,True,0.133656166073179,True
"outer=sq|sn_i_bond|div(r,h)|within=normalized_range|across=max",A,sn_i_bond,"div(r,h)",div_reverse,h+r,normalized_range,max,1,sq,642036526961,True,f052737,True,4.42981614315607,True
"outer=sqrt|sn_i_bond|div(r,h)|within=normalized_range|across=max",A,sn_i_bond,"div(r,h)",div_reverse,h+r,normalized_range,max,1,sqrt,7c6988c50cd8,True,f052738,True,2.68650171414167,True
"outer=inv|sn_i_bond|div(r,h)|within=normalized_range|across=max",A,sn_i_bond,"div(r,h)",div_reverse,h+r,normalized_range,max,1,inv,ce5127651cbb,True,f052739,True,0.13393166776335,True
"outer=sqrt|sn_i_bond|div(r,h)|within=normalized_range|across=range",A,sn_i_bond,"div(r,h)",div_reverse,h+r,normalized_range,range,1,sqrt,4c0b2ed09a50,True,f052741,True,4.19602136286099,True
"outer=sq|sn_i_bond|div(r,h)|within=normalized_range|across=site_cv",A,sn_i_bond,"div(r,h)",div_reverse,h+r,normalized_range,site_cv,1,sq,c4fb1e6594b0,True,f052742,True,2.22615935956534,True
"outer=sqrt|sn_i_bond|div(r,h)|within=normalized_range|across=site_cv",A,sn_i_bond,"div(r,h)",div_reverse,h+r,normalized_range,site_cv,1,sqrt,ac847bb43db7,True,f052743,True,3.37611433415553,True
"outer=sq|sn_i_bond|div(r,h)|within=mad|across=site_cv",A,sn_i_bond,"div(r,h)",div_reverse,h+r,mad,site_cv,1,sq,4d207d32463c,True,f052755,True,3.73840227102436,True
"outer=sq|sn_i_bond|div(r,h)|within=iqr|across=site_cv",A,sn_i_bond,"div(r,h)",div_reverse,h+r,iqr,site_cv,1,sq,a71d282eda6b,True,f052768,True,3.63775633383382,True
"outer=sq|sn_i_bond|div(r,h)|within=min|across=site_cv",A,sn_i_bond,"div(r,h)",div_reverse,h+r,min,site_cv,1,sq,20e4d847ab51,True,f052781,True,4.78993042591591,True
"outer=sq|sn_i_bond|div(r,h)|within=top2_deviation|across=site_cv",A,sn_i_bond,"div(r,h)",div_reverse,h+r,top2_deviation,site_cv,1,sq,17d8d5f3c222,True,f052807,True,2.24355529440705,True
"outer=sqrt|sn_i_bond|div(r,h)|within=top2_deviation|across=site_cv",A,sn_i_bond,"div(r,h)",div_reverse,h+r,top2_deviation,site_cv,1,sqrt,3bad9fff6d8b,True,f052808,True,3.40366252062424,True
